-- phpMyAdmin SQL Dump
-- version 4.4.10
-- http://www.phpmyadmin.net
--
-- Host: localhost:8889
-- Generation Time: Oct 13, 2017 at 05:36 PM
-- Server version: 5.5.42
-- PHP Version: 5.6.10

SET SQL_MODE = "NO_AUTO_VALUE_ON_ZERO";
SET time_zone = "+00:00";


/*!40101 SET @OLD_CHARACTER_SET_CLIENT=@@CHARACTER_SET_CLIENT */;
/*!40101 SET @OLD_CHARACTER_SET_RESULTS=@@CHARACTER_SET_RESULTS */;
/*!40101 SET @OLD_COLLATION_CONNECTION=@@COLLATION_CONNECTION */;
/*!40101 SET NAMES utf8mb4 */;

--
-- Database: `statsandcharts`
--

-- --------------------------------------------------------

--
-- Table structure for table `3mindia`
--

CREATE TABLE `3mindia` (
  `date` int(11) NOT NULL,
  `series` tinytext NOT NULL,
  `open_price` float unsigned NOT NULL,
  `high_price` float unsigned NOT NULL,
  `low_price` float unsigned NOT NULL,
  `last_price` float unsigned NOT NULL,
  `close_price` float unsigned NOT NULL,
  `avg_price` float unsigned NOT NULL,
  `total_traded_qty` bigint(20) unsigned NOT NULL,
  `turnover` double unsigned NOT NULL,
  `no_of_trades` bigint(20) unsigned NOT NULL,
  `deliverable_qty` bigint(20) unsigned NOT NULL
) ENGINE=InnoDB DEFAULT CHARSET=latin1;

--
-- Dumping data for table `3mindia`
--

INSERT INTO `3mindia` (`date`, `series`, `open_price`, `high_price`, `low_price`, `last_price`, `close_price`, `avg_price`, `total_traded_qty`, `turnover`, `no_of_trades`, `deliverable_qty`) VALUES
(1483311600, 'EQ', 11199.9, 11233, 10861, 11069, 11056.5, 11111.9, 564, 6267115.15, 265, 331),
(1483398000, 'EQ', 11001, 11150, 10880, 10880, 10917.2, 11007.1, 393, 4325787.3, 152, 288),
(1483484400, 'EQ', 11013.9, 11042.5, 10780, 10781, 10808.5, 10887.4, 892, 9711538.3, 447, 567),
(1483570800, 'EQ', 10801, 11185, 10790, 11150, 11097.4, 11017.1, 569, 6268708.1, 294, 376),
(1483657200, 'EQ', 10986.4, 11421.5, 10980, 11250, 11305, 11266.9, 830, 9351550.95, 437, 503),
(1483916400, 'EQ', 11530, 11574, 11250, 11450.2, 11503.8, 11481.5, 699, 8025594.35, 203, 574),
(1484002800, 'EQ', 11618.8, 11848, 11455.9, 11698, 11678.3, 11655.2, 970, 11305568.25, 415, 672),
(1484089200, 'EQ', 11850, 12840, 11700, 12520, 12511.4, 12362.1, 3521, 43527065.35, 1586, 1963),
(1484175600, 'EQ', 12599.7, 12800, 12515, 12580, 12579, 12633, 1546, 19530670.4, 624, 1002),
(1484262000, 'EQ', 12530, 12620, 12407.5, 12460.4, 12465.8, 12489.8, 702, 8767806.2, 232, 442),
(1484521200, 'EQ', 12430, 12581.9, 12216.5, 12475, 12455.8, 12493.9, 404, 5047548.05, 270, 215),
(1484607600, 'EQ', 12580.2, 12580.2, 12520.7, 12540, 12548.2, 12551.8, 328, 4116993.6, 206, 184),
(1484694000, 'EQ', 12595, 12595, 12210, 12326.2, 12298.3, 12450.2, 317, 3946707.95, 197, 178),
(1484780400, 'EQ', 12303.3, 12400, 12200.2, 12300, 12282.8, 12299.3, 427, 5251821.15, 124, 357),
(1484866800, 'EQ', 12300, 12447.7, 12200, 12271, 12293.4, 12347.8, 412, 5087296.25, 205, 252),
(1485126000, 'EQ', 12500, 12500, 12230.2, 12390, 12299.5, 12293.5, 357, 4388798.95, 201, 159),
(1485212400, 'EQ', 12342.6, 12401, 12220, 12400, 12393.2, 12317.9, 545, 6713266.95, 167, 340),
(1485298800, 'EQ', 12455.8, 12580, 12400, 12580, 12546.8, 12512.8, 535, 6694354.65, 188, 431),
(1485471600, 'EQ', 12647, 12647, 12452, 12452, 12475.4, 12518.6, 535, 6697467.2, 152, 440),
(1485730800, 'EQ', 12476, 12476, 11800.5, 12230, 12173.7, 12257.3, 861, 10553580.05, 273, 542),
(1485817200, 'EQ', 12199.9, 12236.2, 11841.2, 11980, 11957.5, 12006, 551, 6615309.6, 318, 407),
(1485903600, 'EQ', 12010.5, 12044, 11359.6, 11800, 11763.8, 11704.4, 1323, 15484940.6, 701, 821),
(1485990000, 'EQ', 11807.2, 11880.3, 11611, 11611, 11676.2, 11778.7, 1269, 14947193.15, 368, 1162),
(1486076400, 'EQ', 11611.9, 11770, 11450.2, 11649.9, 11601.7, 11574.2, 890, 10301056.9, 350, 721),
(1486335600, 'EQ', 11715.8, 12100, 11500, 11700.2, 11985.6, 11975.6, 1394, 16693947.6, 540, 1009),
(1486422000, 'EQ', 11865.7, 11920, 11632, 11895, 11892.2, 11804.4, 425, 5016873.15, 249, 234),
(1486508400, 'EQ', 11800, 11920, 11755, 11819.8, 11796.4, 11875.7, 1003, 11911295.1, 281, 617),
(1486594800, 'EQ', 11914.3, 11960, 11700, 11800, 11790.2, 11818.4, 885, 10459300.25, 269, 561),
(1486681200, 'EQ', 11255.1, 11900, 11255.1, 11480, 11511.9, 11577.3, 1908, 22089555.75, 502, 1556),
(1486940400, 'EQ', 11600, 11600, 11211, 11225, 11266.5, 11369.7, 1153, 13109290.8, 476, 929),
(1487026800, 'EQ', 11379.1, 11466, 11270, 11302, 11294.8, 11342.3, 856, 9709044.5, 204, 678),
(1487113200, 'EQ', 11407.7, 11407.8, 11100, 11101, 11130.3, 11246.4, 685, 7703777.8, 393, 447),
(1487199600, 'EQ', 11155.2, 11265.5, 11141, 11200, 11190.8, 11203.8, 393, 4403085.75, 183, 233),
(1487286000, 'EQ', 11190.8, 11300, 11004.2, 11012.1, 11079, 11154.3, 618, 6893373.05, 197, 531),
(1487545200, 'EQ', 11080, 11200, 11000, 11124, 11111.4, 11104.7, 479, 5319125.8, 278, 282),
(1487631600, 'EQ', 11112, 11200, 11112, 11194.7, 11189.3, 11169.6, 645, 7204391.65, 165, 518),
(1487718000, 'EQ', 11120, 11300, 11056.6, 11182, 11135.8, 11205.6, 779, 8729159.65, 268, 531),
(1487804400, 'EQ', 11135.9, 11224, 11001, 11012, 11038.2, 11118, 518, 5759146.5, 229, 360),
(1488150000, 'EQ', 11240, 11240, 11131, 11200, 11197.8, 11196.6, 696, 7792843.25, 154, 584),
(1488236400, 'EQ', 11298.8, 11298.8, 11151.1, 11160, 11164.8, 11190.2, 663, 7419133.45, 75, 626),
(1488322800, 'EQ', 11279.2, 11279.2, 11057.5, 11090, 11098.7, 11103.2, 1732, 19230681.8, 405, 1475),
(1488409200, 'EQ', 11200, 11200, 10951.1, 10970, 10985.7, 11032.3, 628, 6928262.95, 326, 357),
(1488495600, 'EQ', 10888, 11080, 10888, 10912, 10919.1, 10960.8, 446, 4888494.5, 194, 360),
(1488754800, 'EQ', 11028.2, 11090, 10705, 10975, 10919.7, 10963.3, 802, 8792593.25, 343, 494),
(1488841200, 'EQ', 10975, 11138.5, 10760, 10800, 10820.3, 10889.4, 1145, 12468377.65, 402, 809),
(1488927600, 'EQ', 10751, 10949.8, 10751, 10780, 10789.9, 10798.1, 504, 5442253.2, 286, 297),
(1489014000, 'EQ', 10945, 11050, 10750, 10827, 10882.5, 10850.7, 1595, 17306877.65, 410, 1161),
(1489100400, 'EQ', 10950, 11195, 10725, 10875, 10859.7, 10827.7, 1941, 21016497, 612, 1405),
(1489446000, 'EQ', 11150, 11200, 10905, 11025, 11042, 10982.4, 715, 7852404.4, 228, 584),
(1489532400, 'EQ', 11085, 11168.8, 11000, 11090, 11078.4, 11094, 1214, 13468080.85, 264, 1063),
(1489618800, 'EQ', 11200, 11291.5, 11130, 11180, 11187.7, 11183.1, 1995, 22310332.85, 245, 1717),
(1489705200, 'EQ', 11240, 11240, 11000, 11035, 11051.8, 11092.4, 586, 6500134.5, 150, 474),
(1489964400, 'EQ', 11052, 11143, 11000, 11051, 11073.8, 11067.5, 439, 4858613.05, 155, 327),
(1490050800, 'EQ', 11136.4, 11136.4, 11020, 11051, 11063.3, 11088.5, 2208, 24483345.9, 163, 2088),
(1490137200, 'EQ', 11040, 11090, 11000, 11000, 11001.9, 11012.8, 2173, 23930791.7, 368, 2033),
(1490223600, 'EQ', 11111, 11111, 10975, 11000.2, 11019.5, 11027.5, 2154, 23753209.1, 373, 1841),
(1490310000, 'EQ', 11019.5, 11100, 11003, 11049, 11044.3, 11045.9, 773, 8538473.75, 325, 562),
(1490565600, 'EQ', 11015.5, 11078.8, 10990.1, 11040, 11028.8, 11025.6, 462, 5093845.25, 142, 366),
(1490652000, 'EQ', 11090, 11194, 11015, 11180, 11152.2, 11141.3, 775, 8634520.2, 258, 566),
(1490738400, 'EQ', 11250, 11250, 10966.2, 11150, 11041.1, 11112.2, 1955, 21724316.6, 357, 1502),
(1490824800, 'EQ', 11139, 11372.2, 10980.3, 11280, 11243.8, 11193.7, 1779, 19913496.9, 189, 1634),
(1490911200, 'EQ', 11324, 12000, 11201, 11460.2, 11567.5, 11682.5, 2308, 26963163.15, 981, 1488),
(1491170400, 'EQ', 11760, 11989.5, 11602.2, 11945, 11931, 11793, 2067, 24376135.15, 669, 1535),
(1491343200, 'EQ', 11899, 12231, 11814, 11816, 11858.8, 12105.1, 7003, 84771764.8, 1238, 5925),
(1491429600, 'EQ', 12130, 12189.5, 11870, 12189.5, 12153.2, 12111.8, 875, 10597788.45, 324, 682),
(1491516000, 'EQ', 12153.2, 12199.9, 11871, 11871, 11998.4, 12072.2, 1094, 13206980.3, 349, 781),
(1491775200, 'EQ', 11895, 12060, 11863, 11931, 11941.8, 11953.4, 392, 4685719.65, 187, 280),
(1491861600, 'EQ', 11950.4, 12049, 11900, 12025, 12004.2, 11984.2, 563, 6747090.8, 210, 370),
(1491948000, 'EQ', 12049, 12050, 11892, 12000, 12009.9, 11973.5, 836, 10009840.2, 294, 678),
(1492034400, 'EQ', 11865.4, 12150, 11865.4, 12030.2, 12049.6, 12049.4, 3316, 39955863.85, 269, 3105),
(1492380000, 'EQ', 12000, 12057, 11870.3, 12020, 12002.5, 11984.6, 622, 7454402.65, 173, 486),
(1492466400, 'EQ', 12070, 12070, 11938, 11938.2, 11974.8, 12011.9, 246, 2954925.5, 146, 188),
(1492552800, 'EQ', 11800.1, 11943, 11800, 11835, 11856.5, 11860.3, 375, 4447602.7, 136, 270),
(1492639200, 'EQ', 11975, 11975, 11802, 11802, 11848.1, 11856, 1954, 23166628.25, 239, 1776),
(1492725600, 'EQ', 11965, 11965, 11650, 11652, 11685.2, 11752.4, 1204, 14149930.05, 283, 938),
(1492984800, 'EQ', 11782, 11782, 11400, 11560, 11553.2, 11577.5, 960, 11114401.95, 300, 698),
(1493071200, 'EQ', 11668.8, 11668.8, 11400, 11450, 11434.8, 11449.2, 1511, 17299793.95, 311, 1242),
(1493157600, 'EQ', 11549.1, 11663.5, 11505.2, 11600, 11593.8, 11590.9, 869, 10072513.5, 377, 713),
(1493244000, 'EQ', 11590.1, 11639.9, 11478, 11595, 11593.5, 11596.8, 562, 6517387.65, 128, 364),
(1493330400, 'EQ', 11602.2, 11667.5, 11420, 11600, 11499.7, 11541.6, 569, 6567186.4, 191, 443),
(1493676000, 'EQ', 11400, 11598, 11352, 11362, 11370.3, 11425.4, 406, 4638712, 196, 313),
(1493762400, 'EQ', 11428, 11428, 11265, 11281, 11291.3, 11280.9, 54248, 611964555.75, 419, 3274),
(1493848800, 'EQ', 11449.8, 11529.2, 11300, 11525, 11476.3, 11378.3, 375, 4266854.8, 149, 258),
(1493935200, 'EQ', 11500, 11520, 11304, 11340, 11356.8, 11367.2, 698, 7934270.05, 288, 427),
(1494194400, 'EQ', 11356.8, 11580, 11300, 11525, 11539.2, 11498.4, 562, 6462103.05, 202, 426),
(1494280800, 'EQ', 11350, 12450, 11350, 12000, 11992, 12154.1, 3351, 40728538.45, 1454, 1544),
(1494367200, 'EQ', 12275, 12370, 12100, 12222, 12219.7, 12206.2, 1098, 13402424, 426, 710),
(1494453600, 'EQ', 12375, 12550, 12115, 12500, 12435.4, 12368.2, 4126, 51031036.55, 669, 3566),
(1494540000, 'EQ', 12500.1, 12796, 12336, 12600, 12609.2, 12470.8, 1942, 24218293.85, 491, 1342),
(1494799200, 'EQ', 12700, 12841, 12700, 12820, 12791.8, 12776, 1413, 18052557.6, 459, 917),
(1494885600, 'EQ', 12970, 13950, 12848, 13840, 13811, 13521.7, 8825, 119328927.45, 2765, 5090),
(1494972000, 'EQ', 13895, 14490, 13501, 14055, 14130, 14105.5, 5985, 84421674.25, 2013, 3040),
(1495058400, 'EQ', 13985, 14086.7, 13565.1, 13603, 13667.3, 13699.8, 2938, 40250134.2, 892, 1756),
(1495144800, 'EQ', 13603.1, 13898, 13191, 13440, 13294, 13479.4, 2144, 28899928.5, 626, 1460),
(1495404000, 'EQ', 13350, 13450, 13151, 13151, 13199.1, 13248.5, 1308, 17329070.3, 414, 893),
(1495490400, 'EQ', 13199.5, 13500, 12801, 13299, 13293.5, 13121.1, 1351, 17726599.05, 716, 618),
(1495576800, 'EQ', 13140.1, 13264.2, 12801, 12801, 12887.2, 13046.9, 3251, 42415327.55, 406, 2932),
(1495663200, 'EQ', 13016.1, 13130, 12901, 13050, 13020, 13012.1, 1563, 20337977.85, 291, 1284),
(1495749600, 'EQ', 13200, 14300, 13150.2, 13982.3, 14034.2, 14034.9, 16798, 235757878, 5822, 6183),
(1496008800, 'EQ', 14034, 14344, 13775, 13805, 14001.2, 14021, 4603, 64538546.25, 1619, 2368),
(1496095200, 'EQ', 14000, 14334, 13850.2, 14095, 14020.3, 14120.8, 1832, 25869350.05, 590, 1007),
(1496181600, 'EQ', 14180.2, 14180.3, 13576, 13716, 13835.2, 13749, 2560, 35197441.5, 914, 1296),
(1496268000, 'EQ', 13973, 14078.9, 13600.3, 13725, 13728.7, 13755.4, 2253, 30990911.05, 655, 1207),
(1496354400, 'EQ', 13825, 13964, 13680, 13749, 13711.7, 13752.2, 1171, 16103798.6, 316, 960),
(1496613600, 'EQ', 13920, 13920, 13710, 13810, 13775.8, 13785.2, 731, 10076966.5, 261, 497),
(1496700000, 'EQ', 13890, 13920, 13701.2, 13785, 13786.9, 13813.9, 674, 9310569.75, 187, 545),
(1496786400, 'EQ', 13788, 14004.1, 13788, 13970, 13983, 13936.7, 843, 11748615.2, 276, 670),
(1496872800, 'EQ', 14092, 14150, 13802.2, 14005.2, 14013.8, 14038.2, 1204, 16902004.4, 445, 824),
(1496959200, 'EQ', 14100, 14100, 13851.1, 13851.1, 13914, 14000.4, 1687, 23618680.35, 241, 1569),
(1497218400, 'EQ', 14025, 14039.7, 13813, 13860, 13844.3, 13921.7, 389, 5415556.8, 174, 303),
(1497304800, 'EQ', 13989.9, 14121.2, 13940, 13940, 13961.5, 13996.1, 2365, 33100781.05, 423, 2166),
(1497391200, 'EQ', 14101, 14999, 13899, 13900, 13927.8, 14006.1, 1023, 14328274.3, 288, 866),
(1497477600, 'EQ', 14025, 14025, 13830, 13970, 13953.9, 13908.5, 514, 7148959, 187, 467),
(1497564000, 'EQ', 13971, 13971, 13851.1, 13851.1, 13894.7, 13901.6, 1628, 22631800.1, 355, 1544),
(1497823200, 'EQ', 13994.6, 13994.6, 13851.2, 13909, 13884.8, 13893.2, 436, 6057450.1, 273, 368),
(1497909600, 'EQ', 13980, 14010, 13884, 13935, 13948.2, 13950.7, 1946, 27148069.5, 375, 1823),
(1497996000, 'EQ', 13900.5, 13973.8, 13856, 13891, 13897.7, 13904.6, 625, 8690362.35, 115, 553),
(1498082400, 'EQ', 13999.9, 14000, 13803, 13850, 13849.4, 13935.9, 1421, 19802869.4, 209, 1125),
(1498168800, 'EQ', 13849.5, 13900, 13701.1, 13702, 13732.8, 13749.5, 3559, 48934409.85, 358, 3429),
(1498514400, 'EQ', 13811.2, 13811.2, 13392.8, 13490, 13460.5, 13489.9, 1306, 17617783, 305, 1040),
(1498600800, 'EQ', 13425.2, 13469.5, 12920, 13300, 13266.7, 13233.6, 2290, 30304923.35, 748, 1645),
(1498687200, 'EQ', 13300, 13495, 13190, 13492, 13409.9, 13293.2, 852, 11325780.3, 208, 641),
(1498773600, 'EQ', 13520, 13520, 13200, 13250, 13236.5, 13269.1, 573, 7603169.1, 257, 290),
(1499032800, 'EQ', 13399.9, 13632, 13152, 13500, 13505.5, 13392.8, 1454, 19473114.2, 418, 927),
(1499119200, 'EQ', 13775, 13775, 13515, 13700, 13696.1, 13665.6, 600, 8199345, 291, 459),
(1499205600, 'EQ', 13777, 13947, 13700, 13830, 13881, 13874.5, 543, 7533838.2, 299, 392),
(1499292000, 'EQ', 14000, 14040, 13600, 13711, 13796.9, 13909.9, 890, 12379791.05, 441, 669),
(1499378400, 'EQ', 13934.8, 13934.8, 13655, 13700, 13688.4, 13777.4, 866, 11931209.35, 219, 586),
(1499637600, 'EQ', 13999, 13999, 13414.6, 13674.8, 13667.7, 13673.3, 49, 669990.45, 36, 29),
(1499724000, 'EQ', 13765, 13765, 13400, 13500, 13567.7, 13576.9, 2375, 32245071.05, 774, 1915),
(1499810400, 'EQ', 13825, 13825, 13621, 13790, 13778.7, 13754, 453, 6230583.05, 168, 349),
(1499896800, 'EQ', 13797.3, 13916.4, 13434.2, 13499, 13504.7, 13540.5, 1991, 26959129.7, 437, 1633),
(1499983200, 'EQ', 13639.7, 13724.5, 13570, 13630, 13664.3, 13665.7, 464, 6340884.8, 215, 337),
(1500242400, 'EQ', 13745, 13745, 13466.5, 13705, 13686.2, 13653.4, 438, 5980200.85, 204, 339),
(1500328800, 'EQ', 13685, 13794.9, 13490.5, 13550, 13589.2, 13651.4, 338, 4614183.9, 206, 243),
(1500415200, 'EQ', 13700, 13700, 13300, 13400, 13385.3, 13437.4, 875, 11757739.8, 350, 685),
(1500501600, 'EQ', 13450, 13499, 13352, 13360, 13383.5, 13401.1, 377, 5052211.9, 134, 336),
(1500588000, 'EQ', 13305.2, 13510, 13300, 13332.5, 13386.9, 13397.3, 1470, 19694047.3, 369, 1152),
(1500847200, 'EQ', 13520.7, 13520.7, 13287.8, 13325, 13351.2, 13347, 983, 13120059.1, 222, 876),
(1500933600, 'EQ', 13403.5, 13499, 13250, 13275, 13281.8, 13337.5, 840, 11203479.8, 279, 711),
(1501020000, 'EQ', 13350, 13599, 13315, 13357, 13405.5, 13430.3, 1095, 14706196.4, 359, 790),
(1501106400, 'EQ', 13500, 13500, 13200.2, 13300, 13226.2, 13334.5, 1509, 20121769.75, 346, 1392),
(1501192800, 'EQ', 13329, 13445, 13210, 13350, 13383, 13304.6, 1929, 25664496.5, 219, 1429),
(1501452000, 'EQ', 13450, 13450, 13350, 13390, 13378.2, 13381.7, 595, 7962137.45, 156, 516),
(1501538400, 'EQ', 13375, 13390, 13111, 13352, 13354.2, 13320.9, 1477, 19674984.55, 258, 1337),
(1501624800, 'EQ', 13450, 13585, 13248, 13255, 13290.7, 13394.6, 1257, 16837013.55, 221, 1107),
(1501711200, 'EQ', 13423.5, 13500, 13300, 13330, 13342.8, 13370.9, 570, 7621401.9, 188, 371),
(1501797600, 'EQ', 13420, 13420, 13201.2, 13251, 13277.1, 13255.3, 341, 4520056.1, 124, 238),
(1502056800, 'EQ', 13300, 14038, 13300, 13844.8, 13826.4, 13775.2, 1877, 25856139.7, 558, 1316),
(1502143200, 'EQ', 13885.8, 14000, 13550, 13605, 13605.8, 13752, 963, 13243181.05, 358, 661),
(1502229600, 'EQ', 13703.3, 13757, 13201.2, 13350, 13413.2, 13446.8, 2154, 28964333.05, 736, 1495),
(1502316000, 'EQ', 13498, 13498.7, 13050, 13070, 13113.3, 13268.4, 2985, 39606205.55, 467, 2450),
(1502402400, 'EQ', 13130.3, 13702, 12950, 13640, 13590, 13455.4, 2360, 31754682.35, 693, 1738),
(1502661600, 'EQ', 13650, 14050, 13650, 13803, 13860.7, 13921.8, 2457, 34205804, 602, 1983),
(1502834400, 'EQ', 14065.8, 14065.8, 13812, 13899.9, 13880, 13880.1, 1238, 17183549, 418, 1127),
(1502920800, 'EQ', 13899.9, 13950, 13750, 13750, 13790.5, 13857.2, 1776, 24610465.25, 313, 1595),
(1503007200, 'EQ', 13900, 13900, 13651.2, 13848, 13760.4, 13748.7, 2361, 32460646.4, 460, 2170),
(1503266400, 'EQ', 13850, 13960.4, 13710, 13850, 13803.8, 13802.2, 459, 6335226.55, 181, 401),
(1503352800, 'EQ', 13850, 13897, 13800, 13860, 13864, 13847.5, 497, 6882203.55, 168, 429),
(1503439200, 'EQ', 13851.1, 14418.6, 13799.8, 14250, 14361.1, 14199.7, 3357, 47668241.5, 813, 2343),
(1503525600, 'EQ', 14450, 14900, 14375, 14780, 14725.7, 14634, 3622, 53004388.5, 868, 2613),
(1503871200, 'EQ', 14725, 14885.1, 14724.7, 14725, 14765.8, 14787.2, 1577, 23319343.2, 514, 1364),
(1503957600, 'EQ', 14765, 14765, 14405, 14628, 14457.3, 14543.2, 2279, 33143936.75, 381, 2052),
(1504044000, 'EQ', 14628, 14796, 14425, 14750, 14757.7, 14735.1, 1945, 28659716.7, 397, 1661),
(1504130400, 'EQ', 14798, 14798, 14620.2, 14725, 14743.8, 14724.8, 181, 2665184.05, 109, 141),
(1504216800, 'EQ', 14780, 14780, 14640, 14700, 14689.8, 14694.2, 831, 12210909.65, 203, 763),
(1504476000, 'EQ', 14780, 14780, 14500, 14650, 14634.8, 14646, 836, 12244023.75, 256, 704),
(1504562400, 'EQ', 14779, 14779, 14480, 14500, 14512.6, 14567.7, 679, 9891442, 205, 585),
(1504648800, 'EQ', 14415, 14700, 14415, 14500, 14517.2, 14598.5, 732, 10686078.95, 265, 584),
(1504735200, 'EQ', 14699.8, 14750, 14480.5, 14655, 14679, 14640.4, 1286, 18827511.15, 518, 902),
(1504821600, 'EQ', 14665, 14665, 14504.3, 14599, 14586.7, 14624.3, 733, 10719621.6, 233, 534),
(1505080800, 'EQ', 14520, 14690, 14520, 14650, 14620.8, 14604.9, 1050, 15335161.55, 200, 927),
(1505167200, 'EQ', 14600, 14699, 14404.5, 14500, 14495.5, 14581.7, 826, 12044497.4, 266, 664),
(1505253600, 'EQ', 14500, 14750, 14450, 14636, 14600.3, 14625.3, 1860, 27203104.55, 350, 1661),
(1505340000, 'EQ', 14575, 14750, 14550, 14588, 14579.2, 14587.4, 883, 12880684.15, 163, 783),
(1505426400, 'EQ', 14590, 14750, 14492.3, 14723, 14710, 14689, 1265, 18581628.15, 451, 965),
(1505685600, 'EQ', 14685, 14780, 14123, 14649, 14594.1, 14615, 2165, 31641458.55, 605, 1514),
(1505772000, 'EQ', 14600, 14700, 14600, 14650, 14660.9, 14656.8, 1784, 26147759.35, 273, 1656),
(1505858400, 'EQ', 14740, 14740, 14600, 14600.2, 14633.4, 14657, 560, 8207912.1, 161, 492),
(1505944800, 'EQ', 14750, 14750, 14325, 14600, 14575.8, 14531.8, 2337, 33960791.95, 377, 1870),
(1506031200, 'EQ', 14550, 14596.9, 14420, 14460, 14487.4, 14508.5, 1086, 15756234.6, 263, 725);

-- --------------------------------------------------------

--
-- Table structure for table `aartiind`
--

CREATE TABLE `aartiind` (
  `date` int(11) NOT NULL,
  `series` tinytext NOT NULL,
  `open_price` float unsigned NOT NULL,
  `high_price` float unsigned NOT NULL,
  `low_price` float unsigned NOT NULL,
  `last_price` float unsigned NOT NULL,
  `close_price` float unsigned NOT NULL,
  `avg_price` float unsigned NOT NULL,
  `total_traded_qty` bigint(20) unsigned NOT NULL,
  `turnover` double unsigned NOT NULL,
  `no_of_trades` bigint(20) unsigned NOT NULL,
  `deliverable_qty` bigint(20) unsigned NOT NULL
) ENGINE=InnoDB DEFAULT CHARSET=latin1;

--
-- Dumping data for table `aartiind`
--

INSERT INTO `aartiind` (`date`, `series`, `open_price`, `high_price`, `low_price`, `last_price`, `close_price`, `avg_price`, `total_traded_qty`, `turnover`, `no_of_trades`, `deliverable_qty`) VALUES
(1483311600, 'EQ', 681, 697.95, 672.65, 692, 695.25, 688.79, 8519, 5867777, 557, 5975),
(1483398000, 'EQ', 699, 710, 683.65, 700, 703.4, 703.14, 20826, 14643546.25, 2163, 11317),
(1483484400, 'EQ', 706.6, 711.35, 683, 700, 698, 702.75, 131937, 92718675.3, 3176, 116507),
(1483570800, 'EQ', 705, 709.9, 699.1, 703, 701.35, 702.44, 9028, 6341584.05, 632, 5679),
(1483657200, 'EQ', 704, 709.85, 698, 698.2, 699.75, 703.54, 8128, 5718363.4, 622, 4977),
(1483916400, 'EQ', 703.45, 704, 696, 697, 698.95, 699.07, 6316, 4415303.65, 543, 3748),
(1484002800, 'EQ', 700, 704.5, 696, 701, 697.85, 700.85, 10210, 7155634.5, 783, 7000),
(1484089200, 'EQ', 701, 702.7, 693.5, 702.5, 701.15, 698.7, 17214, 12027391.15, 942, 12350),
(1484175600, 'EQ', 703, 703.9, 698.15, 700, 699.55, 701.53, 8520, 5977047.3, 529, 6469),
(1484262000, 'EQ', 710, 710, 696.25, 703.95, 702.4, 702.75, 13167, 9253170.65, 1502, 6662),
(1484521200, 'EQ', 703.9, 710, 700.05, 707.9, 707.1, 706.29, 8700, 6144730.15, 823, 5757),
(1484607600, 'EQ', 707.1, 709, 704.25, 708, 706.75, 706.39, 7389, 5219543.8, 820, 5855),
(1484694000, 'EQ', 710, 721.55, 705, 713, 710.45, 716.11, 27663, 19809678.15, 1156, 11525),
(1484780400, 'EQ', 710.45, 719.4, 700.1, 705.05, 704.45, 710.58, 16641, 11824726.65, 861, 9905),
(1484866800, 'EQ', 710, 710, 685, 686.5, 688.95, 694.13, 28589, 19844505.6, 1735, 18686),
(1485126000, 'EQ', 692, 706.75, 673.15, 706, 693.55, 693.6, 15595, 10816624.5, 1412, 7879),
(1485212400, 'EQ', 702, 707.7, 693, 693, 694.25, 699.58, 20061, 14034295.2, 1099, 10852),
(1485298800, 'EQ', 694.4, 708.5, 691.25, 703, 705.35, 704.17, 62832, 44244591.3, 6335, 54454),
(1485471600, 'EQ', 705, 724.45, 704.9, 721.55, 721.4, 718.03, 45457, 32639441.2, 1886, 34217),
(1485730800, 'EQ', 721.4, 729.85, 717.2, 719, 724.15, 723.24, 43208, 31249782.1, 1904, 34429),
(1485817200, 'EQ', 724.8, 724.8, 713, 720, 718.3, 718.3, 26477, 19018468.5, 1744, 21221),
(1485903600, 'EQ', 723.95, 735, 711.3, 731.85, 731.95, 728.98, 23788, 17341095.05, 1405, 15546),
(1485990000, 'EQ', 734.9, 755, 732.95, 738, 737.25, 743.42, 36049, 26799598.9, 1855, 18320),
(1486076400, 'EQ', 744.9, 770, 740.2, 760, 763.4, 757.74, 61266, 46423555.7, 2457, 32367),
(1486335600, 'EQ', 770, 796.65, 755.1, 781.9, 778.65, 777.18, 68843, 53503561.25, 4282, 32927),
(1486422000, 'EQ', 786.3, 817.6, 775, 787.2, 784.25, 785.82, 37988, 29851869.85, 2984, 16494),
(1486508400, 'EQ', 789.05, 795.55, 776.05, 790.5, 790.45, 783.83, 31070, 24353702.3, 944, 23868),
(1486594800, 'EQ', 790.7, 797.5, 773.05, 778, 786.45, 785.01, 13895, 10907752.25, 848, 8452),
(1486681200, 'EQ', 780, 791.7, 772.65, 790.05, 787.85, 781.41, 18549, 14494333.05, 1964, 9856),
(1486940400, 'EQ', 796, 802.95, 780.15, 793.6, 794.7, 796.82, 21978, 17512465.55, 1252, 14578),
(1487026800, 'EQ', 796.85, 797.9, 782.15, 782.2, 785.85, 787.65, 10605, 8353044.8, 623, 7219),
(1487113200, 'EQ', 783, 789.8, 773, 773, 775.55, 779.67, 14550, 11344229.35, 651, 9901),
(1487199600, 'EQ', 771.05, 796.35, 770.95, 790, 792.8, 785.9, 15707, 12344093.35, 1255, 9784),
(1487286000, 'EQ', 790, 799.7, 785.05, 798.95, 797.55, 790.85, 71917, 56875663.45, 2670, 67324),
(1487545200, 'EQ', 797.55, 799.95, 785.65, 786.5, 788.4, 793.21, 39114, 31025511.65, 1323, 34045),
(1487631600, 'EQ', 797.8, 797.8, 787, 788.15, 788.35, 790.39, 6560, 5184958.15, 286, 5872),
(1487718000, 'EQ', 794.9, 795.45, 777.25, 784.9, 783.35, 785.09, 13456, 10564116.6, 4057, 8557),
(1487804400, 'EQ', 783.35, 789.45, 769, 771.05, 770.9, 775.31, 22314, 17300178.3, 1762, 12497),
(1488150000, 'EQ', 785, 789.95, 769.1, 785, 786.4, 780.83, 24928, 19464601.3, 4670, 17593),
(1488236400, 'EQ', 786.4, 789.95, 770, 776, 773.35, 776.26, 10625, 8247808.45, 756, 5938),
(1488322800, 'EQ', 783.2, 783.2, 770.3, 772.6, 774.5, 774.92, 8597, 6661977.3, 2076, 5101),
(1488409200, 'EQ', 779.9, 779.9, 653.3, 764, 763.95, 762.03, 29337, 22355791.9, 1096, 18050),
(1488495600, 'EQ', 763.95, 769.6, 735.05, 740, 741.75, 745.46, 28787, 21459529, 3099, 20386),
(1488754800, 'EQ', 744, 751.9, 717.1, 744.2, 734, 740.37, 35665, 26405140.75, 2752, 24211),
(1488841200, 'EQ', 738.05, 755, 727, 738.55, 744.35, 741.91, 13521, 10031370.6, 1214, 6979),
(1488927600, 'EQ', 745.05, 786.95, 727.5, 773, 776.35, 773.03, 153185, 118415878, 9637, 34711),
(1489014000, 'EQ', 771, 784.95, 760.2, 774.9, 775.25, 771.42, 28284, 21818936.5, 1777, 12764),
(1489100400, 'EQ', 775, 781, 768, 774, 771.1, 775.05, 42915, 33261097, 879, 9729),
(1489446000, 'EQ', 780, 784.95, 765.05, 771, 769.1, 771.77, 22723, 17536889.75, 927, 14033),
(1489532400, 'EQ', 774, 795, 770.1, 789, 791.15, 785.3, 100891, 79229840.2, 3786, 83223),
(1489618800, 'EQ', 802, 805, 792.55, 794.25, 796.7, 798.41, 56635, 45218206.55, 4576, 35117),
(1489705200, 'EQ', 798, 799.95, 767.05, 776, 774.9, 792.34, 49059, 38871310.3, 3854, 28523),
(1489964400, 'EQ', 785, 794, 776.35, 790, 790.75, 788.65, 69029, 54439490.5, 3751, 54779),
(1490050800, 'EQ', 790.9, 795, 786, 790, 789.75, 791.81, 26292, 20818223.6, 2577, 18708),
(1490137200, 'EQ', 789.75, 790, 775, 776, 781.6, 784.14, 48578, 38092010.9, 2130, 29841),
(1490223600, 'EQ', 784.9, 786.5, 781.25, 783, 783.3, 782.54, 656403, 513661194.7, 991, 650242),
(1490310000, 'EQ', 776.2, 794.6, 776.2, 781.95, 781.95, 786.75, 68101, 53578626.55, 4274, 52120),
(1490565600, 'EQ', 779.05, 788.85, 770, 775, 772.1, 777.32, 632747, 491844859.45, 2310, 626612),
(1490652000, 'EQ', 776.9, 785, 755.3, 763, 762.7, 769.32, 30771, 23672731.85, 3331, 17671),
(1490738400, 'EQ', 774, 774, 751.5, 755, 755.4, 758.55, 84944, 64434572.7, 5066, 71182),
(1490824800, 'EQ', 760, 763.2, 751.25, 759.5, 753.2, 753.98, 296249, 223366742.8, 3837, 287016),
(1490911200, 'EQ', 763.2, 768.9, 755.05, 766.35, 765.55, 761.77, 143505, 109318313.75, 8193, 125418),
(1491170400, 'EQ', 773.95, 797, 768.1, 786, 789.5, 789.41, 164028, 129484770.25, 4765, 134822),
(1491343200, 'EQ', 792.8, 798.5, 788.5, 792.1, 793.8, 793.67, 85152, 67582872.6, 1956, 65034),
(1491429600, 'EQ', 797.95, 798, 782.5, 783, 784.35, 790.29, 19332, 15277947.05, 1099, 12164),
(1491516000, 'EQ', 775, 789, 768.7, 781, 784.9, 777.24, 82564, 64172342.8, 2492, 58853),
(1491775200, 'EQ', 782.2, 789.95, 777, 778.9, 782.5, 784.73, 24423, 19165508.8, 2092, 16893),
(1491861600, 'EQ', 797.5, 797.5, 788.1, 793, 793.35, 791.77, 41340, 32731879.6, 1862, 33047),
(1491948000, 'EQ', 797.5, 797.5, 778.55, 789, 787, 788.71, 30723, 24231443.65, 1077, 21242),
(1492034400, 'EQ', 791.35, 791.35, 770.3, 775, 777.6, 782.59, 14678, 11486871.75, 1874, 9678),
(1492380000, 'EQ', 778.5, 790.75, 778.5, 787.8, 786.1, 788.39, 28784, 22693108.5, 1438, 18871),
(1492466400, 'EQ', 786, 802.4, 786, 790, 792.65, 793.75, 71926, 57091353.55, 6021, 43616),
(1492552800, 'EQ', 792.95, 798.6, 784, 795, 792.7, 789.99, 16827, 13293170, 1149, 9546),
(1492639200, 'EQ', 797.6, 813, 791.3, 800, 800.6, 803.32, 69386, 55739079.4, 2649, 33598),
(1492725600, 'EQ', 793, 806, 782.65, 795, 800.9, 799.42, 44677, 35715753.25, 2269, 25685),
(1492984800, 'EQ', 803.9, 807, 790.1, 797.05, 798.4, 801.1, 25916, 20761270.65, 1153, 17200),
(1493071200, 'EQ', 800, 808.95, 795.15, 807.05, 806.45, 804.48, 27703, 22286437.85, 1215, 22565),
(1493157600, 'EQ', 805.9, 820, 805.9, 818, 818.1, 815.04, 56209, 45812528.25, 1570, 39812),
(1493244000, 'EQ', 821.4, 883.9, 820.5, 879.9, 878.15, 859.84, 322158, 277005256.4, 14688, 125746),
(1493330400, 'EQ', 882.8, 884, 856.9, 878, 877.8, 869.81, 64807, 56370019.95, 4358, 34250),
(1493676000, 'EQ', 878.8, 878.8, 840.1, 845, 852.9, 861.09, 30647, 26389931.25, 2278, 18129),
(1493762400, 'EQ', 849.2, 857.25, 842.5, 851, 852.15, 850.24, 27957, 23770028.25, 2688, 16107),
(1493848800, 'EQ', 864.4, 864.4, 848.45, 850, 854.25, 856.82, 12688, 10871378, 913, 6822),
(1493935200, 'EQ', 861.25, 864.9, 841.1, 860, 860.7, 854.7, 44824, 38311204.1, 1634, 31708),
(1494194400, 'EQ', 860, 876, 851, 866.3, 868.2, 867.24, 12103, 10496204.3, 1013, 7032),
(1494280800, 'EQ', 874.95, 882, 861.3, 864, 865.5, 874.08, 24422, 21346800.6, 2626, 16102),
(1494367200, 'EQ', 864.65, 873.7, 860.2, 865.5, 865, 865.08, 11593, 10028865.85, 1338, 5772),
(1494453600, 'EQ', 869.95, 874.9, 860.05, 865, 866.05, 868.33, 19636, 17050494.25, 2286, 14215),
(1494540000, 'EQ', 872.7, 899.5, 857.4, 890, 895.45, 889.13, 66216, 58874568.95, 4917, 30028),
(1494799200, 'EQ', 900.05, 944, 900.05, 930, 930.9, 932.36, 165632, 154428240.6, 12736, 69563),
(1494885600, 'EQ', 938, 977.95, 932.25, 957.9, 953.85, 962.06, 144048, 138582577.1, 6173, 62471),
(1494972000, 'EQ', 958.2, 962.45, 930, 931.35, 931.95, 941.22, 48603, 45746319.05, 2602, 27722),
(1495058400, 'EQ', 931.95, 939.35, 910.05, 916, 918.15, 921.36, 31391, 28922360.65, 5029, 18885),
(1495144800, 'EQ', 927.15, 935, 875, 889, 885.4, 899.48, 43725, 39329907.4, 5218, 24894),
(1495404000, 'EQ', 887, 899, 855, 859, 859.4, 871.08, 48780, 42491087.3, 4436, 27182),
(1495490400, 'EQ', 846.05, 854.8, 815, 854, 849.35, 836.66, 248315, 207755237.5, 11280, 173895),
(1495576800, 'EQ', 833.15, 863.95, 820.3, 823, 823.95, 839.21, 30511, 25605273.3, 2807, 19049),
(1495663200, 'EQ', 828.05, 839.9, 815, 820, 820.75, 826.84, 137667, 113828837.55, 1264, 127315),
(1495749600, 'EQ', 810.6, 847.05, 810, 825.3, 832.35, 834.54, 70556, 58881678, 9865, 48366),
(1496008800, 'EQ', 835, 925.4, 835, 842, 844.3, 847, 36282, 30730721.7, 1422, 23915),
(1496095200, 'EQ', 832.6, 878.9, 832.6, 876, 875.25, 861.56, 37992, 32732308.55, 5705, 19644),
(1496181600, 'EQ', 875.1, 892.9, 872, 878, 880.3, 883, 41491, 36636521.95, 3497, 26949),
(1496268000, 'EQ', 882, 897.7, 867.2, 870, 871.5, 879.51, 31736, 27912237.4, 2770, 18531),
(1496354400, 'EQ', 879.9, 904, 861.5, 903.95, 900, 883.54, 158456, 140002958.9, 13760, 120192),
(1496613600, 'EQ', 909.75, 909.75, 880.15, 886.25, 889.7, 897.81, 94230, 84600727.5, 12061, 81323),
(1496700000, 'EQ', 900, 900, 875.25, 895, 888.25, 885.52, 19893, 17615703.05, 1879, 10311),
(1496786400, 'EQ', 896.95, 896.95, 881.65, 887, 888, 888.09, 85850, 76242927.35, 1421, 77570),
(1496872800, 'EQ', 888, 908.5, 885, 893.2, 894, 896.06, 42051, 37680103.4, 2003, 27734),
(1496959200, 'EQ', 890, 908.2, 885, 906, 901.1, 894.26, 25419, 22731285.6, 2854, 11649),
(1497218400, 'EQ', 905.7, 905.7, 859.7, 863.9, 863.4, 877.43, 54364, 47700776.4, 2181, 33626),
(1497304800, 'EQ', 868, 889, 863.4, 873.5, 879.35, 879.82, 40792, 35889552.65, 3055, 21824),
(1497391200, 'EQ', 879.95, 886.8, 874, 878.65, 876.45, 879.84, 20660, 18177558.45, 1401, 10005),
(1497477600, 'EQ', 880, 1039.7, 873.05, 935, 937.65, 957.08, 592602, 567167624.35, 22797, 117716),
(1497564000, 'EQ', 939, 949.55, 898, 912, 909.65, 928.12, 86646, 80417653, 4436, 33876),
(1497823200, 'EQ', 917.55, 955, 910, 951.6, 951.7, 937.22, 114954, 107737243.7, 7426, 59118),
(1497909600, 'EQ', 957, 972.9, 953.55, 964.85, 964.4, 966.84, 118892, 114949337.8, 8779, 51579),
(1497996000, 'EQ', 966.9, 966.9, 940, 942, 945, 950.72, 192927, 183419298.8, 2354, 164171),
(1498082400, 'EQ', 952.7, 956, 937.3, 937.3, 941, 949.29, 70894, 67298876, 3262, 49450),
(1498168800, 'EQ', 940, 943.95, 916, 921, 923.45, 937.72, 184109, 172642406, 3043, 155345),
(1498514400, 'EQ', 923.45, 936.7, 881.1, 886.55, 890, 898.56, 65141, 58533064.8, 6486, 24843),
(1498600800, 'EQ', 890.95, 894.9, 876.9, 890, 891.3, 888.38, 39201, 34825375.6, 2778, 16907),
(1498687200, 'EQ', 897.95, 910, 894.4, 906, 906.25, 902.14, 32517, 29334968.2, 3533, 20675),
(1498773600, 'EQ', 903, 920.9, 865.9, 920, 916.8, 904.71, 76285, 69015482.2, 5971, 44755);

-- --------------------------------------------------------

--
-- Table structure for table `abb`
--

CREATE TABLE `abb` (
  `date` int(11) NOT NULL,
  `series` tinytext NOT NULL,
  `open_price` float unsigned NOT NULL,
  `high_price` float unsigned NOT NULL,
  `low_price` float unsigned NOT NULL,
  `last_price` float unsigned NOT NULL,
  `close_price` float unsigned NOT NULL,
  `avg_price` float unsigned NOT NULL,
  `total_traded_qty` bigint(20) unsigned NOT NULL,
  `turnover` double unsigned NOT NULL,
  `no_of_trades` bigint(20) unsigned NOT NULL,
  `deliverable_qty` bigint(20) unsigned NOT NULL
) ENGINE=InnoDB DEFAULT CHARSET=latin1;

-- --------------------------------------------------------

--
-- Table structure for table `archive_table1`
--

CREATE TABLE `archive_table1` (
  `sym_id` smallint(6) NOT NULL,
  `symbol` varchar(15) NOT NULL,
  `series` char(4) NOT NULL,
  `security` varchar(80) NOT NULL,
  `band` varchar(25) NOT NULL
) ENGINE=InnoDB AUTO_INCREMENT=1716 DEFAULT CHARSET=latin1;

--
-- Dumping data for table `archive_table1`
--

INSERT INTO `archive_table1` (`sym_id`, `symbol`, `series`, `security`, `band`) VALUES
(1, 'Symbol', 'Seri', 'Security Name', 'Band'),
(2, 'BLUECHIP', 'BE', 'Blue Chip India Limited', '2'),
(3, 'CTE', 'EQ', 'Cambridge Technology Enterprises Limited', '2'),
(4, 'DBSTOCKBRO', 'EQ', 'DB (International) Stock Brokers Limited', '2'),
(5, 'IMPEXFERRO', 'EQ', 'Impex Ferro Tech Limited', '2'),
(6, 'VISESHINFO', 'EQ', 'Visesh Infotecnics Limited', '2'),
(7, 'WINSOME', 'EQ', 'Winsome Yarns Limited', '2'),
(8, 'ABGSHIP', 'BZ', 'ABG Shipyard Limited', '5'),
(9, 'ABMINTLTD', 'BE', 'ABM International Limited', '5'),
(10, 'ADANITRANS', 'EQ', 'Adani Transmission Limited', '5'),
(11, 'ADSL', 'BE', 'Allied Digital Services Limited', '5'),
(12, 'AFL', 'BE', 'Accel Frontline Limited', '5'),
(13, 'AGARIND', 'BE', 'Agarwal Industrial Corporation Limited', '5'),
(14, 'AGCNET', 'BE', 'AGC Networks Limited', '5'),
(15, 'AGRITECH', 'EQ', 'Agri-Tech (India) Limited', '5'),
(16, 'AICHAMP', 'BE', 'AI Champdany Industries Limited', '5'),
(17, 'AIRAN', 'SM', 'Airan Limited', '5'),
(18, 'ALANKIT', 'BE', 'Alankit Limited', '5'),
(19, 'ALPA', 'BE', 'Alpa Laboratories Limited', '5'),
(20, 'AMTEKAUTO', 'EQ', 'Amtek Auto Limited', '5'),
(21, 'ANANDAMRUB', 'BE', 'The Anandam Rubber Company Limited', '5'),
(22, 'ANIKINDS', 'BE', 'Anik Industries Limited', '5'),
(23, 'ANSALAPI', 'EQ', 'Ansal Properties & Infrastructure Limited', '5'),
(24, 'ANTGRAPHIC', 'BE', 'Antarctica Limited', '5'),
(25, 'ARIHANT', 'BE', 'Arihant Foundations & Housing Limited', '5'),
(26, 'ASIL', 'EQ', 'Amit Spinning Industries Limited', '5'),
(27, 'ASPINWALL', 'BE', 'Aspinwall and Company Limited', '5'),
(28, 'ATLASCYCLE', 'BE', 'Atlas Cycles (Haryana) Limited', '5'),
(29, 'AURDIS', 'SM', 'Aurangabad Distillery Limited', '5'),
(30, 'AUSTRAL', 'BE', 'Austral Coke & Projects Limited', '5'),
(31, 'BANG', 'EQ', 'Bang Overseas Limited', '5'),
(32, 'BDR', 'IT', 'BDR Buildcon Limited', '5'),
(33, 'BEARDSELL', 'EQ', 'Beardsell Limited', '5'),
(34, 'BEDMUTHA', 'BE', 'Bedmutha Industries Limited', '5'),
(35, 'BGLOBAL', 'BE', 'Bharatiya Global Infomedia Limited', '5'),
(36, 'BILENERGY', 'EQ', 'Bil Energy Systems Limited', '5'),
(37, 'BILPOWER', 'EQ', 'Bilpower  Limited', '5'),
(38, 'BIRLAMONEY', 'EQ', 'Aditya Birla Money Limited', '5'),
(39, 'BLBLIMITED', 'BE', 'BLB Limited', '5'),
(40, 'BLUECOAST', 'EQ', 'Blue Coast Hotels Limited', '5'),
(41, 'BVCL', 'BE', 'Barak Valley Cements Limited', '5'),
(42, 'CALSOFT', 'EQ', 'California Software Company Limited', '5'),
(43, 'CANDC', 'BE', 'C & C Constructions Limited', '5'),
(44, 'CASTEXTECH', 'BE', 'Castex Technologies Limited', '5'),
(45, 'CCCL', 'EQ', 'Consolidated Construction Consortium Limited', '5'),
(46, 'CINEVISTA', 'EQ', 'Cinevista Limited', '5'),
(47, 'CORALFINAC', 'EQ', 'Coral India Finance & Housing Limited', '5'),
(48, 'CREATIVEYE', 'EQ', 'Creative Eye Limited', '5'),
(49, 'CROWN', 'SM', 'Crown Lifters Limited', '5'),
(50, 'CUBEXTUB', 'BE', 'Cubex Tubings Limited', '5'),
(51, 'CURATECH', 'EQ', 'Cura Technologies Limited', '5'),
(52, 'CYBERMEDIA', 'EQ', 'Cyber Media (India) Limited', '5'),
(53, 'DELTAMAGNT', 'BE', 'Delta Magnets Limited', '5'),
(54, 'DSKULKARNI', 'BE', 'DS Kulkarni Developers Limited', '5'),
(55, 'DSSL', 'EQ', 'Dynacons Systems & Solutions Limited', '5'),
(56, 'DUCON', 'EQ', 'Ducon Infratechnologies Limited', '5'),
(57, 'EASTSILK', 'EQ', 'Eastern Silk Industries Limited', '5'),
(58, 'ELECTHERM', 'BE', 'Electrotherm (India) Limited', '5'),
(59, 'EMAMIINFRA', 'EQ', 'Emami Infrastructure Limited', '5'),
(60, 'EMKAY', 'BE', 'Emkay Global Financial Services Limited', '5'),
(61, 'ENERGYDEV', 'EQ', 'Energy Development Company Limited', '5'),
(62, 'EON', 'BE', 'Eon Electric Limited', '5'),
(63, 'EUROCERA', 'BE', 'Euro Ceramics Limited', '5'),
(64, 'EUROMULTI', 'BE', 'Euro Multivision Limited', '5'),
(65, 'FACT', 'BE', 'Fertilizers and Chemicals Travancore Limited', '5'),
(66, 'FCSSOFT', 'EQ', 'FCS Software Solutions Limited', '5'),
(67, 'FIRSTWIN', 'EQ', 'First Winner Industries Limited', '5'),
(68, 'FOCUS', 'SM', 'Focus Lighting and Fixtures Limited', '5'),
(69, 'GANGOTRI', 'BZ', 'Gangotri Textiles Limited', '5'),
(70, 'GEMINI', 'BE', 'Gemini Communication Limited', '5'),
(71, 'GISOLUTION', 'EQ', 'GI Engineering Solutions Limited', '5'),
(72, 'GLFL', 'BE', 'Gujarat Lease Financing Limited', '5'),
(73, 'GLOBOFFS', 'EQ', 'Global Offshore Services Limited', '5'),
(74, 'GOENKA', 'BZ', 'Goenka Diamond and Jewels Limited', '5'),
(75, 'GOLDENTOBC', 'BE', 'Golden Tobacco Limited', '5'),
(76, 'GOLDINFRA', 'EQ', 'Goldstone Infratech Limited', '5'),
(77, 'GOLDTECH', 'EQ', 'Goldstone Technologies Limited', '5'),
(78, 'GSS', 'BE', 'GSS Infotech Limited', '5'),
(79, 'GTOFFSHORE', 'BE', 'GOL Offshore Limited', '5'),
(80, 'HBSTOCK', 'BE', 'Hb Stockholdings Limited', '5'),
(81, 'HECPROJECT', 'SM', 'HEC Infra Projects Limited', '5'),
(82, 'HINDSYNTEX', 'BE', 'Hind Syntex Limited', '5'),
(83, 'HMT', 'BZ', 'HMT Limited', '5'),
(84, 'HOTELRUGBY', 'BE', 'Hotel Rugby Limited', '5'),
(85, 'HOVS', 'BE', 'HOV Services Limited', '5'),
(86, 'IITL', 'EQ', 'Industrial Investment Trust Limited', '5'),
(87, 'IMFA', 'EQ', 'Indian Metals & Ferro Alloys Limited', '5'),
(88, 'INDOSOLAR', 'BE', 'Indosolar Limited', '5'),
(89, 'INDOWIND', 'BE', 'Indowind Energy Limited', '5'),
(90, 'INDSWFTLTD', 'EQ', 'Ind-Swift Limited', '5'),
(91, 'INTEGRA', 'BE', 'Integra Garments and Textiles Limited', '5'),
(92, 'JAIHINDPRO', 'EQ', 'Jaihind Projects Limited', '5'),
(93, 'JAINSTUDIO', 'BE', 'Jain Studios Limited', '5'),
(94, 'JENSONICOL', 'EQ', 'Jenson & Nicholson (India) Limited', '5'),
(95, 'JETFREIGHT', 'SM', 'Jet Freight Logistics Limited', '5'),
(96, 'JHS', 'EQ', 'JHS Svendgaard Laboratories Limited', '5'),
(97, 'JITFINFRA', 'BE', 'JITF Infralogistics Limited', '5'),
(98, 'KALYANI', 'BE', 'Kalyani Commercials Limited', '5'),
(99, 'KALYANIFRG', 'BE', 'Kalyani Forge Limited', '5'),
(100, 'KARMAENG', 'EQ', 'Karma Energy Limited', '5'),
(101, 'KERNEX', 'BZ', 'Kernex Microsystems (India) Limited', '5'),
(102, 'KESARENT', 'EQ', 'Kesar Enterprises Limited', '5'),
(103, 'KEYCORPSER', 'BE', 'Keynote Corporate Services Limited', '5'),
(104, 'KHAITANELE', 'BE', 'KHAITAN ELECTRICALS LTD.', '5'),
(105, 'KHAITANLTD', 'BE', 'Khaitan (India) Limited', '5'),
(106, 'KHANDSE', 'EQ', 'Khandwala Securities Limited', '5'),
(107, 'KIOCL', 'EQ', 'KIOCL Limited', '5'),
(108, 'KREBSBIO', 'BE', 'Krebs Biochemicals and Industries Limited', '5'),
(109, 'KRIDHANINF', 'EQ', 'Kridhan Infra Limited', '5'),
(110, 'KSERASERA', 'EQ', 'KSS Limited', '5'),
(111, 'LCCINFOTEC', 'BE', 'LCC Infotech Limited', '5'),
(112, 'LFIC', 'BE', 'Lakshmi Finance & Industrial Corporation Limited', '5'),
(113, 'LIQUIDBEES', 'EQ', 'Reliance ETF Liquid BeES', '5'),
(114, 'LITL', 'EQ', 'Lanco Infratech Limited', '5'),
(115, 'LYCOS', 'EQ', 'Lycos Internet Limited', '5'),
(116, 'MAANALU', 'EQ', 'Maan Aluminium Limited', '5'),
(117, 'MAGNUM', 'EQ', 'Magnum Ventures Limited', '5'),
(118, 'MAHESHWARI', 'SM', 'Maheshwari Logistics Limited', '5'),
(119, 'MALUPAPER', 'EQ', 'Malu Paper Mills Limited', '5'),
(120, 'MALWACOTT', 'BE', 'Malwa Cotton Spg. Mills Limited', '5'),
(121, 'MANAKINDST', 'BE', 'Manaksia Industries Limited', '5'),
(122, 'MANDHANA', 'EQ', 'Mandhana Industries Limited', '5'),
(123, 'MASKINVEST', 'BE', 'Mask Investments Limited', '5'),
(124, 'MBLINFRA', 'EQ', 'MBL Infrastructures Limited', '5'),
(125, 'MCL', 'SM', 'Madhav Copper Limited', '5'),
(126, 'MELSTAR', 'BE', 'Melstar Information Technologies Limited', '5'),
(127, 'METALFORGE', 'EQ', 'Metalyst Forgings Limited', '5'),
(128, 'MITCON', 'SM', 'MITCON Consultancy & Engineering Services Limited', '5'),
(129, 'MOTOGENFIN', 'BE', 'The Motor & General Finance Limited', '5'),
(130, 'MRO-TEK', 'BE', 'MRO-TEK Realty Limited', '5'),
(131, 'MVL', 'BE', 'MVL Limited', '5'),
(132, 'NAKODA', 'EQ', 'Nakoda Limited', '5'),
(133, 'NATNLSTEEL', 'BE', 'National Steel And Agro Industries Limited', '5'),
(134, 'NDGL', 'EQ', 'Naga Dhunseri Group Limited', '5'),
(135, 'NET4', 'BZ', 'Net 4 India Limited', '5'),
(136, 'NICCO', 'BE', 'Nicco Corporation Limited', '5'),
(137, 'NIRAJISPAT', 'BE', 'Niraj Ispat Industries Limited', '5'),
(138, 'NITINFIRE', 'EQ', 'Nitin Fire Protection Industries Limited', '5'),
(139, 'NOESISIND', 'BE', 'Noesis Industries Limited', '5'),
(140, 'NORBTEAEXP', 'EQ', 'Norben Tea & Exports Limited', '5'),
(141, 'OISL', 'EQ', 'OCL Iron and Steel Limited', '5'),
(142, 'ORBITCORP', 'BZ', 'Orbit Corporation Limited', '5'),
(143, 'PAEL', 'BE', 'PAE Limited', '5'),
(144, 'PARACABLES', 'BE', 'Paramount Communications Limited', '5'),
(145, 'PEARLPOLY', 'EQ', 'Pearl Polymers Limited', '5'),
(146, 'PETRONENGG', 'BE', 'Petron Engineering Construction Limited', '5'),
(147, 'PILANIINVS', 'BE', 'Pilani Investment and Industries Corporation Limited', '5'),
(148, 'PILITA', 'EQ', 'PIL ITALICA LIFESTYLE LIMITED', '5'),
(149, 'PIONDIST', 'BE', 'Pioneer Distilleries Limited', '5'),
(150, 'PIRPHYTO', 'BE', 'Piramal Phytocare Limited', '5'),
(151, 'PNC', 'BE', 'Pritish Nandy Communications Limited', '5'),
(152, 'PRAENG', 'EQ', 'Prajay Engineers Syndicate Limited', '5'),
(153, 'PRAKASHSTL', 'BE', 'Prakash Steelage Limited', '5'),
(154, 'QUINTEGRA', 'EQ', 'Quintegra Solutions Limited', '5'),
(155, 'RADAAN', 'EQ', 'Radaan Mediaworks India Limited', '5'),
(156, 'RAINBOWPAP', 'EQ', 'Rainbow Papers Limited', '5'),
(157, 'RAJRAYON', 'BE', 'Raj Rayon Industries Limited', '5'),
(158, 'RAJVIR', 'EQ', 'Rajvir Industries Limited', '5'),
(159, 'RAMSARUP', 'BE', 'Ramsarup Industries Limited', '5'),
(160, 'RASOYPR', 'EQ', 'Rasoya Proteins Limited', '5'),
(161, 'REFEX', 'EQ', 'Refex Industries Limited', '5'),
(162, 'REGENCERAM', 'BE', 'Regency Ceramics Limited', '5'),
(163, 'ROHITFERRO', 'EQ', 'Rohit Ferro-Tech Limited', '5'),
(164, 'ROLLT', 'EQ', 'Rollatainers Limited', '5'),
(165, 'RUCHINFRA', 'BE', 'Ruchi Infrastructure Limited', '5'),
(166, 'SAMTEL', 'EQ', 'Samtel Color Limited', '5'),
(167, 'SASTASUNDR', 'BE', 'Sastasundar Ventures Limited', '5'),
(168, 'SEZAL', 'BE', 'Sezal Glass Limited', '5'),
(169, 'SGFL', 'BE', 'Shree Ganesh Forgings Limited', '5'),
(170, 'SHALPAINTS', 'BE', 'Shalimar Paints Limited', '5'),
(171, 'SHILPI', 'EQ', 'Shilpi Cable Technologies Limited', '5'),
(172, 'SHREERAMA', 'BE', 'Shree Rama Multi-Tech Limited', '5'),
(173, 'SHRIPISTON', 'BE', 'Shriram Pistons & Rings Limited', '5'),
(174, 'SHYAMTEL', 'BE', 'Shyam Telecom Limited', '5'),
(175, 'SIL', 'BE', 'Standard Industries Limited', '5'),
(176, 'SIMPLEX', 'EQ', 'Simplex Projects Limited', '5'),
(177, 'SKIL', 'BE', 'SKIL Infrastructure Limited', '5'),
(178, 'SKMEGGPROD', 'EQ', 'SKM Egg Products Export (India) Limited', '5'),
(179, 'SOFTTECHGR', 'EQ', 'Software Technology Group International Limited', '5'),
(180, 'SORILHOLD', 'EQ', 'SORIL Holdings and Ventures Limited', '5'),
(181, 'SPCENET', 'BE', 'Spacenet Enterprises India Limited', '5'),
(182, 'SPECIALITY', 'EQ', 'Speciality Restaurants Limited', '5'),
(183, 'SPENTEX', 'EQ', 'Spentex Industries Limited', '5'),
(184, 'SPMLINFRA', 'EQ', 'SPML Infra Limited', '5'),
(185, 'SPYL', 'EQ', 'Shekhawati Poly-Yarn Limited', '5'),
(186, 'SREEL', 'BE', 'Sreeleathers Limited', '5'),
(187, 'SRSLTD', 'BE', 'SRS Limited', '5'),
(188, 'STAMPEDE', 'EQ', 'Stampede Capital Limited', '5'),
(189, 'STINDIA', 'EQ', 'STI India Limited', '5'),
(190, 'SURANACORP', 'BE', 'Surana Corporation Limited', '5'),
(191, 'SURANAIND', 'EQ', 'Surana Industries Limited', '5'),
(192, 'TANTIACONS', 'BE', 'Tantia Constructions Limited', '5'),
(193, 'TECHIN', 'EQ', 'Techindia Nirman Limited', '5'),
(194, 'TFL', 'BE', 'Transwarranty Finance Limited', '5'),
(195, 'THEJO', 'SM', 'Thejo Engineering Limited', '5'),
(196, 'THOMASCOTT', 'BE', 'Thomas Scott (India) Limited', '5'),
(197, 'TIJARIA', 'BE', 'Tijaria Polypipes Limited', '5'),
(198, 'TNTELE', 'BE', 'Tamilnadu Telecommunication Limited', '5'),
(199, 'TODAYS', 'BE', 'Todays Writing Instruments Limited', '5'),
(200, 'TRIGYN', 'BE', 'Trigyn Technologies Limited', '5'),
(201, 'TTL', 'BE', 'T T Limited', '5'),
(202, 'UBHOLDINGS', 'BZ', 'United Breweries (Holdings) Limited', '5'),
(203, 'UMESLTD', 'EQ', 'Usha Martin Education & Solutions Limited', '5'),
(204, 'UNITEDPOLY', 'SM', 'United Polyfab Gujarat Limited', '5'),
(205, 'URJA', 'EQ', 'Urja Global Limited', '5'),
(206, 'USHERAGRO', 'BE', 'Usher Agro Limited', '5'),
(207, 'VIDEOIND', 'EQ', 'Videocon Industries Limited', '5'),
(208, 'VIMALOIL', 'BE', 'Vimal Oil & Foods Limited', '5'),
(209, 'VSCL', 'SM', 'Vadivarhe Speciality Chemicals Limited', '5'),
(210, 'WANBURY', 'BE', 'Wanbury Limited', '5'),
(211, 'WILLAMAGOR', 'BE', 'Williamson Magor & Company Limited', '5'),
(212, 'WIPL', 'BE', 'The Western India Plywoods Limited', '5'),
(213, 'WSI', 'BE', 'W S Industries (I) Limited', '5'),
(214, 'ZENITHBIR', 'EQ', 'Zenith Birla (India) Limited', '5'),
(215, 'ZENITHEXPO', 'BE', 'Zenith Exports Limited', '5'),
(216, 'ANDHRACEMT', 'EQ', 'Andhra Cements Limited', '10'),
(217, 'ANGIND', 'EQ', 'ANG Industries Limited', '10'),
(218, 'APOLSINHOT', 'EQ', 'Apollo Sindoori Hotels Limited', '10'),
(219, 'ARSHIYA', 'EQ', 'Arshiya Limited', '10'),
(220, 'AUSOMENT', 'EQ', 'Ausom Enterprise Limited', '10'),
(221, 'BANARBEADS', 'EQ', 'Banaras Beads Limited', '10'),
(222, 'BHARATIDIL', 'EQ', 'Bharati Defence and Infrastructure Limited', '10'),
(223, 'BLKASHYAP', 'EQ', 'B. L. Kashyap and Sons Limited', '10'),
(224, 'BLS', 'EQ', 'BLS International Services Limited', '10'),
(225, 'BLUEBLENDS', 'EQ', 'Blue Blends (I) Limited', '10'),
(226, 'BSELINFRA', 'EQ', 'BSEL Infrastructure Realty Limited', '10'),
(227, 'CENTEXT', 'EQ', 'Century Extrusions Limited', '10'),
(228, 'CIMMCO', 'EQ', 'Cimmco Limited', '10'),
(229, 'CREST', 'EQ', 'Crest Ventures Limited', '10'),
(230, 'DHUNINV', 'EQ', 'Dhunseri Investments Limited', '10'),
(231, 'DQE', 'EQ', 'DQ Entertainment (International) Limited', '10'),
(232, 'EASUNREYRL', 'EQ', 'Easun Reyrolle Limited', '10'),
(233, 'EIMCOELECO', 'EQ', 'Eimco Elecon (India) Limited', '10'),
(234, 'ESSDEE', 'EQ', 'Ess Dee Aluminium Limited', '10'),
(235, 'GOACARBON', 'EQ', 'Goa Carbon Limited', '10'),
(236, 'GOKEX', 'EQ', 'Gokaldas Exports Limited', '10'),
(237, 'GOKUL', 'EQ', 'Gokul Refoils and Solvent Limited', '10'),
(238, 'GTNTEX', 'EQ', 'GTN Textiles Limited', '10'),
(239, 'HEG', 'EQ', 'HEG Limited', '10'),
(240, 'HISARMETAL', 'EQ', 'Hisar Metal Industries Limited', '10'),
(241, 'HITECH', 'SM', 'Hi-Tech Pipes Limited', '10'),
(242, 'HOCL', 'EQ', 'Hindustan Organic Chemicals Limited', '10'),
(243, 'IBVENTURES', 'EQ', 'Indiabulls Ventures Limited', '10'),
(244, 'INDOTHAI', 'EQ', 'Indo Thai Securities Limited', '10'),
(245, 'JAIBALAJI', 'EQ', 'Jai Balaji Industries Limited', '10'),
(246, 'JBMA', 'EQ', 'JBM Auto Limited', '10'),
(247, 'JINDALPHOT', 'EQ', 'Jindal Photo Limited', '10'),
(248, 'JINDWORLD', 'EQ', 'Jindal Worldwide Limited', '10'),
(249, 'JPINFRATEC', 'EQ', 'Jaypee Infratech Limited', '10'),
(250, 'JYOTISTRUC', 'EQ', 'Jyoti Structures Limited', '10'),
(251, 'KABRAEXTRU', 'EQ', 'Kabra Extrusion Technik Limited', '10'),
(252, 'KGL', 'EQ', 'Karuturi Global Limited', '10'),
(253, 'KILITCH', 'EQ', 'Kilitch Drugs (India) Limited', '10'),
(254, 'KSK', 'EQ', 'KSK Energy Ventures Limited', '10'),
(255, 'MADRASFERT', 'EQ', 'Madras Fertilizers Limited', '10'),
(256, 'MANAKALUCO', 'EQ', 'Manaksia Aluminium Company Limited', '10'),
(257, 'MBECL', 'EQ', 'Mcnally Bharat Engineering Company Limited', '10'),
(258, 'METKORE', 'EQ', 'Metkore Alloys & Industries Limited', '10'),
(259, 'MURUDCERA', 'EQ', 'Murudeshwar Ceramics Limited', '10'),
(260, 'NAGAFERT', 'EQ', 'Nagarjuna Fertilizers and Chemicals Limited', '10'),
(261, 'NAGREEKCAP', 'EQ', 'Nagreeka Capital & Infrastructure Limited', '10'),
(262, 'NATHBIOGEN', 'EQ', 'Nath Bio-Genes (India) Limited', '10'),
(263, 'NBIFIN', 'EQ', 'N. B. I. Industrial Finance Company Limited', '10'),
(264, 'NEXTMEDIA', 'EQ', 'Next Mediaworks Limited', '10'),
(265, 'ONELIFECAP', 'EQ', 'Onelife Capital Advisors Limited', '10'),
(266, 'ONWARDTEC', 'EQ', 'Onward Technologies Limited', '10'),
(267, 'ORIENTALTL', 'EQ', 'Oriental Trimex Limited', '10'),
(268, 'ORTINLABSS', 'EQ', 'Ortin Laboratories Limited', '10'),
(269, 'PALREDTEC', 'EQ', 'Palred Technologies Limited', '10'),
(270, 'PDUMJEIND', 'EQ', 'Pudumjee Industries Limited', '10'),
(271, 'PRADIP', 'EQ', 'Pradip Overseas Limited', '10'),
(272, 'PRAKASHCON', 'EQ', 'Prakash Constrowell Limited', '10'),
(273, 'PRECOT', 'EQ', 'Precot Meridian Limited', '10'),
(274, 'PREMIERPOL', 'EQ', 'Premier Polyfilm Limited', '10'),
(275, 'PRIMESECU', 'EQ', 'Prime Securities Limited', '10'),
(276, 'PROZONINTU', 'EQ', 'Prozone Intu Properties Limited', '10'),
(277, 'PVP', 'EQ', 'PVP Ventures Limited', '10'),
(278, 'RAJOIL', 'EQ', 'Raj Oil Mills Limited', '10'),
(279, 'RANEHOLDIN', 'EQ', 'Rane Holdings Limited', '10'),
(280, 'RKDL', 'EQ', 'Ravi Kumar Distilleries Limited', '10'),
(281, 'RMCL', 'EQ', 'Radha Madhav Corporation Limited', '10'),
(282, 'RUPA', 'EQ', 'Rupa & Company Limited', '10'),
(283, 'SALONA', 'EQ', 'Salona Cotspin Limited', '10'),
(284, 'SALSTEEL', 'EQ', 'S.A.L. Steel Limited', '10'),
(285, 'SAMBHAAV', 'EQ', 'Sambhaav Media Limited', '10'),
(286, 'SANCO', 'EQ', 'Sanco Industries Limited', '10'),
(287, 'SANWARIA', 'EQ', 'Sanwaria Agro Oils Limited', '10'),
(288, 'SEPOWER', 'EQ', 'S.E. Power Limited', '10'),
(289, 'SHAHALLOYS', 'EQ', 'Shah Alloys Limited', '10'),
(290, 'SHARDAMOTR', 'EQ', 'Sharda Motor Industries Limited', '10'),
(291, 'SOMATEX', 'EQ', 'Soma Textiles & Industries Limited', '10'),
(292, 'SUPREMETEX', 'EQ', 'Supreme Tex Mart Limited', '10'),
(293, 'TAINWALCHM', 'EQ', 'Tainwala Chemical and Plastic (I) Limited', '10'),
(294, 'TARAPUR', 'EQ', 'Tarapur Transformers Limited', '10'),
(295, 'TARMAT', 'EQ', 'Tarmat Limited', '10'),
(296, 'TEXMOPIPES', 'EQ', 'Texmo Pipes and Products Limited', '10'),
(297, 'TIMESGTY', 'EQ', 'Times Guaranty Limited', '10'),
(298, 'TNPETRO', 'EQ', 'Tamilnadu PetroProducts Limited', '10'),
(299, 'UNIPLY', 'EQ', 'Uniply Industries Limited', '10'),
(300, 'UTTAMSUGAR', 'EQ', 'Uttam Sugar Mills Limited', '10'),
(301, 'UVSL', 'EQ', 'Uttam Value Steels Limited', '10'),
(302, 'VAIBHAVGBL', 'EQ', 'Vaibhav Global Limited', '10'),
(303, 'VALUEIND', 'EQ', 'Value Industries Limited', '10'),
(304, 'VENKEYS', 'EQ', 'Venky''s (India) Limited', '10'),
(305, 'VIVIDHA', 'EQ', 'Visagar Polytex Limited', '10'),
(306, 'WEBELSOLAR', 'EQ', 'Websol Energy System Limited', '10'),
(307, 'WEIZMANIND', 'EQ', 'Weizmann Limited', '10'),
(308, 'WELINV', 'EQ', 'Welspun Investments and Commercials Limited', '10'),
(309, 'ZODJRDMKJ', 'EQ', 'Zodiac JRD- MKJ Limited', '10'),
(310, 'ZYLOG', 'EQ', 'Zylog Systems Limited', '10'),
(311, '20MICRONS', 'EQ', '20 Microns Limited', '20'),
(312, '3IINFOTECH', 'EQ', '3i Infotech Limited', '20'),
(313, '3MINDIA', 'EQ', '3M India Limited', '20'),
(314, '3RDROCK', 'IT', '3rd Rock Multimedia Limited', '20'),
(315, '63MOONS', 'EQ', '63 moons technologies limited', '20'),
(316, '8KMILES', 'EQ', '8K Miles Software Services Limited', '20'),
(317, 'A2ZINFRA', 'EQ', 'A2Z Infra Engineering Limited', '20'),
(318, 'AARTIDRUGS', 'EQ', 'Aarti Drugs Limited', '20'),
(319, 'AARTIIND', 'EQ', 'Aarti Industries Limited', '20'),
(320, 'AARVEEDEN', 'EQ', 'Aarvee Denims & Exports Limited', '20'),
(321, 'ABAN', 'EQ', 'Aban Offshore Limited', '20'),
(322, 'ABB', 'EQ', 'ABB India Limited', '20'),
(323, 'ABBOTINDIA', 'EQ', 'Abbott India Limited', '20'),
(324, 'ABFRL', 'EQ', 'Aditya Birla Fashion and Retail Limited', '20'),
(325, 'ABNINT', 'IT', 'A B N Intercorp Limited', '20'),
(326, 'ACCELYA', 'EQ', 'Accelya Kale Solutions Limited', '20'),
(327, 'ACCORD', 'SM', 'Accord Synergy Limited', '20'),
(328, 'ACE', 'EQ', 'Action Construction Equipment Limited', '20'),
(329, 'ADFFOODS', 'EQ', 'ADF Foods Limited', '20'),
(330, 'ADHUNIK', 'EQ', 'Adhunik Metaliks Limited', '20'),
(331, 'ADHUNIKIND', 'EQ', 'Adhunik Industries Limited', '20'),
(332, 'ADLABS', 'EQ', 'Adlabs Entertainment Limited', '20'),
(333, 'ADORWELD', 'EQ', 'Ador Welding Limited', '20'),
(334, 'ADVANIHOTR', 'EQ', 'Advani Hotels & Resorts (India) Limited', '20'),
(335, 'ADVENZYMES', 'EQ', 'Advanced Enzyme Technologies Limited', '20'),
(336, 'AEGISCHEM', 'EQ', 'Aegis Logistics Limited', '20'),
(337, 'AGROPHOS', 'SM', 'Agro Phos India Limited', '20'),
(338, 'AHIMSA', 'SM', 'Ahimsa Industries Limited', '20'),
(339, 'AHLEAST', 'EQ', 'Asian Hotels (East) Limited', '20'),
(340, 'AHLUCONT', 'EQ', 'Ahluwalia Contracts (India) Limited', '20'),
(341, 'AHLWEST', 'EQ', 'Asian Hotels (West) Limited', '20'),
(342, 'AIAENG', 'EQ', 'AIA Engineering Limited', '20'),
(343, 'AIFL', 'EQ', 'Ashapura Intimates Fashion Limited', '20'),
(344, 'AJMERA', 'EQ', 'Ajmera Realty & Infra India Limited', '20'),
(345, 'AKASH', 'SM', 'Akash Infra Projects Limited', '20'),
(346, 'AKSHARCHEM', 'EQ', 'AksharChem India Limited', '20'),
(347, 'AKSHOPTFBR', 'EQ', 'Aksh Optifibre Limited', '20'),
(348, 'AKZOINDIA', 'EQ', 'Akzo Nobel India Limited', '20'),
(349, 'ALBERTDAVD', 'EQ', 'Albert David Limited', '20'),
(350, 'ALCHEM', 'EQ', 'Alchemist Limited', '20'),
(351, 'ALEMBICLTD', 'EQ', 'Alembic Limited', '20'),
(352, 'ALICON', 'EQ', 'Alicon Castalloy Limited', '20'),
(353, 'ALKALI', 'EQ', 'Alkali Metals Limited', '20'),
(354, 'ALKEM', 'EQ', 'Alkem Laboratories Limited', '20'),
(355, 'ALKYLAMINE', 'EQ', 'Alkyl Amines Chemicals Limited', '20'),
(356, 'ALLCARGO', 'EQ', 'Allcargo Logistics Limited', '20'),
(357, 'ALLSEC', 'EQ', 'Allsec Technologies Limited', '20'),
(358, 'ALMONDZ', 'EQ', 'Almondz Global Securities Limited', '20'),
(359, 'ALOKTEXT', 'EQ', 'Alok Industries Limited', '20'),
(360, 'ALPHAGEO', 'EQ', 'Alphageo (India) Limited', '20'),
(361, 'ALPSINDUS', 'EQ', 'Alps Industries Limited', '20'),
(362, 'AMBIKCO', 'EQ', 'Ambika Cotton Mills Limited', '20'),
(363, 'AMDIND', 'EQ', 'AMD Industries Limited', '20'),
(364, 'AMRUTANJAN', 'EQ', 'Amrutanjan Health Care Limited', '20'),
(365, 'ANANTRAJ', 'EQ', 'Anant Raj Limited', '20'),
(366, 'ANDHRSUGAR', 'EQ', 'The Andhra Sugars Limited', '20'),
(367, 'ANKITMETAL', 'EQ', 'Ankit Metal & Power Limited', '20'),
(368, 'ANSALHSG', 'EQ', 'Ansal Housing and Construction Limited', '20'),
(369, 'APARINDS', 'EQ', 'Apar Industries Limited', '20'),
(370, 'APCL', 'EQ', 'Anjani Portland Cement Limited', '20'),
(371, 'APCOTEXIND', 'EQ', 'Apcotex Industries Limited', '20'),
(372, 'APLAPOLLO', 'EQ', 'APL Apollo Tubes Limited', '20'),
(373, 'APLLTD', 'EQ', 'Alembic Pharmaceuticals Limited', '20'),
(374, 'APTECHT', 'EQ', 'Aptech Limited', '20'),
(375, 'ARCHIDPLY', 'EQ', 'Archidply Industries Limited', '20'),
(376, 'ARCHIES', 'EQ', 'Archies Limited', '20'),
(377, 'ARCOTECH', 'EQ', 'Arcotech Limited', '20'),
(378, 'ARIES', 'EQ', 'Aries Agro Limited', '20'),
(379, 'ARIHANTSUP', 'EQ', 'Arihant Superstructures Limited', '20'),
(380, 'ARMANFIN', 'EQ', 'Arman Financial Services Limited', '20'),
(381, 'AROGRANITE', 'EQ', 'Aro Granite Industries Limited', '20'),
(382, 'ARROWGREEN', 'EQ', 'Arrow Greentech Limited', '20'),
(383, 'ARROWTEX', 'EQ', 'Arrow Textiles Limited', '20'),
(384, 'ARSSINFRA', 'EQ', 'ARSS Infrastructure Projects Limited', '20'),
(385, 'ARTNIRMAN', 'SM', 'Art Nirman Limited', '20'),
(386, 'ARVSMART', 'EQ', 'Arvind SmartSpaces Limited', '20'),
(387, 'ASAHIINDIA', 'EQ', 'Asahi India Glass Limited', '20'),
(388, 'ASAHISONG', 'EQ', 'Asahi Songwon Colors Limited', '20'),
(389, 'ASAL', 'EQ', 'Automotive Stampings and Assemblies Limited', '20'),
(390, 'ASHAPURMIN', 'EQ', 'Ashapura Minechem Limited', '20'),
(391, 'ASHIANA', 'EQ', 'Ashiana Housing Limited', '20'),
(392, 'ASHIMASYN', 'EQ', 'Ashima Limited', '20'),
(393, 'ASHOKA', 'EQ', 'Ashoka Buildcon Limited', '20'),
(394, 'ASIANHOTNR', 'EQ', 'Asian Hotels (North) Limited', '20'),
(395, 'ASIANTILES', 'EQ', 'Asian Granito India Limited', '20'),
(396, 'ASLIND', 'SM', 'ASL Industries Limited', '20'),
(397, 'ASSAMCO', 'EQ', 'Assam Company India Limited', '20'),
(398, 'ASTEC', 'EQ', 'Astec LifeSciences Limited', '20'),
(399, 'ASTRAL', 'EQ', 'Astral Poly Technik Limited', '20'),
(400, 'ASTRAMICRO', 'EQ', 'Astra Microwave Products Limited', '20'),
(401, 'ASTRAZEN', 'EQ', 'AstraZeneca Pharma India Limited', '20'),
(402, 'ATFL', 'EQ', 'Agro Tech Foods Limited', '20'),
(403, 'ATLANTA', 'EQ', 'Atlanta  Limited', '20'),
(404, 'ATUL', 'EQ', 'Atul Limited', '20'),
(405, 'ATULAUTO', 'EQ', 'Atul Auto Limited', '20'),
(406, 'AUBANK', 'EQ', 'AU Small Finance Bank Limited', '20'),
(407, 'AURIONPRO', 'EQ', 'Aurionpro Solutions Limited', '20'),
(408, 'AUTOAXLES', 'EQ', 'Automotive Axles Limited', '20'),
(409, 'AUTOIND', 'EQ', 'Autoline Industries Limited', '20'),
(410, 'AUTOLITIND', 'EQ', 'Autolite (India) Limited', '20'),
(411, 'AVANTIFEED', 'EQ', 'Avanti Feeds Limited', '20'),
(412, 'AVSL', 'SM', 'AVSL Industries Limited', '20'),
(413, 'AVTNPL', 'EQ', 'AVT Natural Products Limited', '20'),
(414, 'AXISCADES', 'EQ', 'AXISCADES Engineering Technologies Limited', '20'),
(415, 'AXISGOLD', 'EQ', 'Axis Mutual Fund - Axis Gold ETF', '20'),
(416, 'AXISNIFTY', 'EQ', 'Axis Mutual Fund - AXIS NIFTY ETF', '20'),
(417, 'AYMSYNTEX', 'EQ', 'AYM Syntex Limited', '20'),
(418, 'BAFNAPHARM', 'EQ', 'Bafna Pharmaceuticals Limited', '20'),
(419, 'BAGFILMS', 'EQ', 'B.A.G Films and Media Limited', '20'),
(420, 'BAJAJCORP', 'EQ', 'Bajaj Corp Limited', '20'),
(421, 'BAJAJELEC', 'EQ', 'Bajaj Electricals Limited', '20'),
(422, 'BAJAJHIND', 'EQ', 'Bajaj Hindusthan Sugar Limited', '20'),
(423, 'BAJAJHLDNG', 'EQ', 'Bajaj Holdings & Investment Limited', '20'),
(424, 'BALAJITELE', 'EQ', 'Balaji Telefilms Limited', '20'),
(425, 'BALAMINES', 'EQ', 'Balaji Amines Limited', '20'),
(426, 'BALKRISHNA', 'EQ', 'Balkrishna Paper Mills Limited', '20'),
(427, 'BALLARPUR', 'EQ', 'Ballarpur Industries Limited', '20'),
(428, 'BALMLAWRIE', 'EQ', 'Balmer Lawrie & Company Limited', '20'),
(429, 'BALPHARMA', 'EQ', 'Bal Pharma Limited', '20'),
(430, 'BANARISUG', 'EQ', 'Bannari Amman Sugars Limited', '20'),
(431, 'BANCOINDIA', 'EQ', 'Banco Products (I) Limited', '20'),
(432, 'BANKBEES', 'EQ', 'Reliance ETF Bank BeES', '20'),
(433, 'BANSWRAS', 'EQ', 'Banswara Syntex Limited', '20'),
(434, 'BARTRONICS', 'EQ', 'Bartronics India Limited', '20'),
(435, 'BASF', 'EQ', 'BASF India Limited', '20'),
(436, 'BASML', 'EQ', 'Bannari Amman Spinning Mills Limited', '20'),
(437, 'BAYERCROP', 'EQ', 'Bayer Cropscience Limited', '20'),
(438, 'BBL', 'EQ', 'Bharat Bijlee Limited', '20'),
(439, 'BBTC', 'EQ', 'Bombay Burmah Trading Corporation Limited', '20'),
(440, 'BEPL', 'EQ', 'Bhansali Engineering Polymers Limited', '20'),
(441, 'BFINVEST', 'EQ', 'BF Investment Limited', '20'),
(442, 'BFUTILITIE', 'EQ', 'BF Utilities Limited', '20'),
(443, 'BGRENERGY', 'EQ', 'BGR Energy Systems Limited', '20'),
(444, 'BHAGERIA', 'EQ', 'Bhageria Industries Limited', '20'),
(445, 'BHAGYANGR', 'EQ', 'Bhagyanagar India Limited', '20'),
(446, 'BHALCHANDR', 'IT', 'Bhalchandram Clothing Limited', '20'),
(447, 'BHANDARI', 'EQ', 'Bhandari Hosiery Exports Limited', '20'),
(448, 'BHARATGEAR', 'EQ', 'Bharat Gears Limited', '20'),
(449, 'BHARATRAS', 'EQ', 'Bharat Rasayan Limited', '20'),
(450, 'BHARATWIRE', 'EQ', 'Bharat Wire Ropes Limited', '20'),
(451, 'BHUSANSTL', 'EQ', 'Bhushan Steel Limited', '20'),
(452, 'BIGBLOC', 'EQ', 'Bigbloc Construction Limited', '20'),
(453, 'BIL', 'EQ', 'Bhartiya International Limited', '20'),
(454, 'BINANIIND', 'EQ', 'Binani Industries Limited', '20'),
(455, 'BINDALAGRO', 'EQ', 'Oswal Chemicals & Fertilizers Limited', '20'),
(456, 'BIRLACABLE', 'EQ', 'Birla Cable Limited', '20'),
(457, 'BIRLACORPN', 'EQ', 'Birla Corporation Limited', '20'),
(458, 'BLISSGVS', 'EQ', 'Bliss GVS Pharma Limited', '20'),
(459, 'BLUEDART', 'EQ', 'Blue Dart Express Limited', '20'),
(460, 'BLUESTARCO', 'EQ', 'Blue Star Limited', '20'),
(461, 'BODALCHEM', 'EQ', 'Bodal Chemicals Limited', '20'),
(462, 'BOHRA', 'SM', 'Bohra Industries Limited', '20'),
(463, 'BOMDYEING', 'EQ', 'Bombay Dyeing & Mfg Company Limited', '20'),
(464, 'BPL', 'EQ', 'Bpl Limited', '20'),
(465, 'BRFL', 'EQ', 'Bombay Rayon Fashions Limited', '20'),
(466, 'BRIGADE', 'EQ', 'Brigade Enterprises Limited', '20'),
(467, 'BROOKS', 'EQ', 'Brooks Laboratories Limited', '20'),
(468, 'BSE', 'EQ', 'BSE Limited', '20'),
(469, 'BSL', 'EQ', 'BSL Limited', '20'),
(470, 'BSLGOLDETF', 'EQ', 'Birla Sun Life Mutual Fund - Birla Sun Life Gold ETF - Growth', '20'),
(471, 'BSLIMITED', 'EQ', 'BS Limited', '20'),
(472, 'BSLNIFTY', 'EQ', 'Birla Sun Life Mutual Fund - Birla Sun Life Nifty ETF - Growth', '20'),
(473, 'BURNPUR', 'EQ', 'Burnpur Cement Limited', '20'),
(474, 'BUTTERFLY', 'EQ', 'Butterfly Gandhimathi Appliances Limited', '20'),
(475, 'BYKE', 'EQ', 'The Byke Hospitality Ltd', '20'),
(476, 'CAMLINFINE', 'EQ', 'Camlin Fine Sciences Limited', '20'),
(477, 'CANTABIL', 'EQ', 'Cantabil Retail India Limited', '20'),
(478, 'CAPCO', 'IT', 'Capco Industries Limited', '20'),
(479, 'CAPLIPOINT', 'EQ', 'Caplin Point Laboratories Limited', '20'),
(480, 'CAPTRUST', 'EQ', 'Capital Trust Limited', '20'),
(481, 'CARBORUNIV', 'EQ', 'Carborundum Universal Limited', '20'),
(482, 'CAREERP', 'EQ', 'Career Point Limited', '20'),
(483, 'CARERATING', 'EQ', 'CARE Ratings Limited', '20'),
(484, 'CCHHL', 'EQ', 'Country Club Hospitality & Holidays Limited', '20'),
(485, 'CCL', 'EQ', 'CCL Products (India) Limited', '20'),
(486, 'CDSL', 'EQ', 'Central Depository Services (India) Limited', '20'),
(487, 'CEBBCO', 'EQ', 'Commercial Engineers & Body Builders Co Limited', '20'),
(488, 'CELEBRITY', 'EQ', 'Celebrity Fashions Limited', '20'),
(489, 'CELESTIAL', 'EQ', 'Celestial Biolabs Limited', '20'),
(490, 'CENTENKA', 'EQ', 'Century Enka Limited', '20'),
(491, 'CENTRALBK', 'EQ', 'Central Bank of India', '20'),
(492, 'CENTUM', 'EQ', 'Centum Electronics Limited', '20'),
(493, 'CENTURYPLY', 'EQ', 'Century Plyboards (India) Limited', '20'),
(494, 'CERA', 'EQ', 'Cera Sanitaryware Limited', '20'),
(495, 'CEREBRAINT', 'EQ', 'Cerebra Integrated Technologies Limited', '20'),
(496, 'CGCL', 'EQ', 'Capri Global Capital Limited', '20'),
(497, 'CHAMBLFERT', 'EQ', 'Chambal Fertilizers & Chemicals Limited', '20'),
(498, 'CHROMATIC', 'EQ', 'Chromatic India Limited', '20'),
(499, 'CIGNITITEC', 'EQ', 'Cigniti Technologies Limited', '20'),
(500, 'CINELINE', 'EQ', 'Cineline India Limited', '20'),
(501, 'CKPPRODUCT', 'SM', 'CKP Products Limited', '20'),
(502, 'CLEDUCATE', 'EQ', 'CL Educate Limited', '20'),
(503, 'CLNINDIA', 'EQ', 'Clariant Chemicals (India) Limited', '20'),
(504, 'CMICABLES', 'EQ', 'CMI Limited', '20'),
(505, 'CNOVAPETRO', 'EQ', 'CIL Nova Petrochemicals Limited', '20'),
(506, 'COFFEEDAY', 'EQ', 'Coffee Day Enterprises Limited', '20'),
(507, 'COMPINFO', 'EQ', 'Compuage Infocom Limited', '20'),
(508, 'COMPUSOFT', 'EQ', 'Compucom Software Limited', '20'),
(509, 'CONSOFINVT', 'EQ', 'Consolidated Finvest & Holdings Limited', '20'),
(510, 'CONTROLPR', 'EQ', 'Control Print Limited', '20'),
(511, 'CORDSCABLE', 'EQ', 'Cords Cable Industries Limited', '20'),
(512, 'COROMANDEL', 'EQ', 'Coromandel International Limited', '20'),
(513, 'CORPBANK', 'EQ', 'Corporation Bank', '20'),
(514, 'COSMOFILMS', 'EQ', 'Cosmo Films Limited', '20'),
(515, 'COUNCODOS', 'EQ', 'Country Condo''s Limited', '20'),
(516, 'COX&KINGS', 'EQ', 'Cox & Kings Limited', '20'),
(517, 'CPSEETF', 'EQ', 'CPSE ETF', '20'),
(518, 'CREATIVE', 'SM', 'Creative Peripherals and Distribution Limited', '20'),
(519, 'CRISIL', 'EQ', 'CRISIL Limited', '20'),
(520, 'CRMFGETF', 'EQ', 'Canara Robeco Mutual Fund - Canara Robeco - Gold ETF', '20'),
(521, 'CROMPTON', 'EQ', 'Crompton Greaves Consumer Electricals Limited', '20'),
(522, 'CUB', 'EQ', 'City Union Bank Limited', '20'),
(523, 'CUPID', 'EQ', 'Cupid Limited', '20'),
(524, 'CYBERTECH', 'EQ', 'Cybertech Systems And Software Limited', '20'),
(525, 'CYIENT', 'EQ', 'Cyient Limited', '20'),
(526, 'DAAWAT', 'EQ', 'LT Foods Limited', '20'),
(527, 'DALMIASUG', 'EQ', 'Dalmia Bharat Sugar and Industries Limited', '20'),
(528, 'DAMODARIND', 'EQ', 'Damodar Industries Limited', '20'),
(529, 'DATAMATICS', 'EQ', 'Datamatics Global Services Limited', '20'),
(530, 'DBCORP', 'EQ', 'D.B.Corp Limited', '20'),
(531, 'DBL', 'EQ', 'Dilip Buildcon Limited', '20'),
(532, 'DBREALTY', 'EQ', 'D B Realty Limited', '20'),
(533, 'DCM', 'EQ', 'DCM  Limited', '20'),
(534, 'DCMSHRIRAM', 'EQ', 'DCM Shriram Limited', '20'),
(535, 'DCW', 'EQ', 'DCW Limited', '20'),
(536, 'DECCANCE', 'EQ', 'Deccan Cements Limited', '20'),
(537, 'DEEPAKFERT', 'EQ', 'Deepak Fertilizers And Petrochemicals Corporation Limited', '20'),
(538, 'DEEPAKNTR', 'EQ', 'Deepak Nitrite Limited', '20'),
(539, 'DEEPIND', 'EQ', 'Deep Industries Limited', '20'),
(540, 'DELTACORP', 'EQ', 'Delta Corp Limited', '20'),
(541, 'DEN', 'EQ', 'Den Networks Limited', '20'),
(542, 'DENABANK', 'EQ', 'Dena Bank', '20'),
(543, 'DENORA', 'EQ', 'De Nora India Limited', '20'),
(544, 'DEVIT', 'SM', 'Dev Information Technology Limited', '20'),
(545, 'DFMFOODS', 'EQ', 'DFM Foods Limited', '20'),
(546, 'DHAMPURSUG', 'EQ', 'Dhampur Sugar Mills Limited', '20'),
(547, 'DHANBANK', 'EQ', 'Dhanlaxmi Bank Limited', '20'),
(548, 'DHANUKA', 'EQ', 'Dhanuka Agritech Limited', '20'),
(549, 'DHARSUGAR', 'EQ', 'Dharani Sugars & Chemicals Limited', '20'),
(550, 'DIAPOWER', 'EQ', 'Diamond Power Infra Ltd', '20'),
(551, 'DICIND', 'EQ', 'DIC India Limited', '20'),
(552, 'DIGJAMLTD', 'EQ', 'Digjam Limited', '20'),
(553, 'DLINKINDIA', 'EQ', 'D-Link (India) Limited', '20'),
(554, 'DMART', 'EQ', 'Avenue Supermarts Limited', '20'),
(555, 'DOLLAR', 'EQ', 'Dollar Industries Limited', '20'),
(556, 'DOLPHINOFF', 'EQ', 'Dolphin Offshore Enterprises (India) Limited', '20'),
(557, 'DONEAR', 'EQ', 'Donear Industries Limited', '20'),
(558, 'DPL', 'EQ', 'Dhunseri Petrochem Limited', '20'),
(559, 'DPSCLTD', 'EQ', 'DPSC Limited', '20'),
(560, 'DREDGECORP', 'EQ', 'Dredging Corporation of India Limited', '20'),
(561, 'DRL', 'SM', 'Dhanuka Realty Limited', '20'),
(562, 'DTIL', 'EQ', 'Dhunseri Tea & Industries Limited', '20'),
(563, 'DWARKESH', 'EQ', 'Dwarikesh Sugar Industries Limited', '20'),
(564, 'DYNAMATECH', 'EQ', 'Dynamatic Technologies Limited', '20'),
(565, 'EBANK', 'EQ', 'Edelweiss ETF - Nifty Bank', '20'),
(566, 'ECEIND', 'EQ', 'ECE Industries Limited', '20'),
(567, 'ECLERX', 'EQ', 'eClerx Services Limited', '20'),
(568, 'EDELWEISS', 'EQ', 'Edelweiss Financial Services Limited', '20'),
(569, 'EDL', 'EQ', 'Empee Distilleries Limited', '20'),
(570, 'EDUCOMP', 'EQ', 'Educomp Solutions Limited', '20'),
(571, 'EIDPARRY', 'EQ', 'EID Parry India Limited', '20'),
(572, 'EIFFL', 'SM', 'Euro India Fresh Foods Limited', '20'),
(573, 'EIHAHOTELS', 'EQ', 'EIH Associated Hotels Limited', '20'),
(574, 'EIHOTEL', 'EQ', 'EIH Limited', '20'),
(575, 'EKC', 'EQ', 'Everest Kanto Cylinder Limited', '20'),
(576, 'ELAND', 'EQ', 'E-Land Apparel Limited', '20'),
(577, 'ELECON', 'EQ', 'Elecon Engineering Company Limited', '20'),
(578, 'ELECTCAST', 'EQ', 'Electrosteel Castings Limited', '20'),
(579, 'ELECTCAST', 'W1', 'Electrosteel Castings Limited', '20'),
(580, 'ELGIEQUIP', 'EQ', 'Elgi Equipments Limited', '20'),
(581, 'ELGIRUBCO', 'EQ', 'Elgi Rubber Company Limited', '20'),
(582, 'ELITE', 'IT', 'Elite Conductors Limited', '20'),
(583, 'EMAMILTD', 'EQ', 'Emami Limited', '20'),
(584, 'EMCO', 'EQ', 'Emco Limited', '20'),
(585, 'EMKAYTOOLS', 'SM', 'Emkay Taps and Cutting Tools Limited', '20'),
(586, 'EMMBI', 'EQ', 'Emmbi Industries Limited', '20'),
(587, 'ENDURANCE', 'EQ', 'Endurance Technologies Limited', '20'),
(588, 'ENIL', 'EQ', 'Entertainment Network (India) Limited', '20'),
(589, 'EQ30', 'EQ', 'Edelweiss Mutual Fund - Edelweiss ETF - Nifty Quality 30', '20'),
(590, 'ERIS', 'EQ', 'Eris Lifesciences Limited', '20'),
(591, 'EROSMEDIA', 'EQ', 'Eros International Media Limited', '20'),
(592, 'ESABINDIA', 'EQ', 'Esab India Limited', '20'),
(593, 'ESL', 'EQ', 'Electrosteel Steels Limited', '20'),
(594, 'ESSARSHPNG', 'EQ', 'Essar Shipping Limited', '20'),
(595, 'ESSELPACK', 'EQ', 'Essel Propack Limited', '20'),
(596, 'ESTER', 'EQ', 'Ester Industries Limited', '20'),
(597, 'EUROTEXIND', 'EQ', 'Eurotex Industries and Exports Limited', '20'),
(598, 'EVEREADY', 'EQ', 'Eveready Industries India Limited', '20'),
(599, 'EVERESTIND', 'EQ', 'Everest Industries Limited', '20'),
(600, 'EXCEL', 'EQ', 'Excel Realty N Infra Limited', '20'),
(601, 'EXCELCROP', 'EQ', 'Excel Crop Care Limited', '20'),
(602, 'EXCELINDUS', 'EQ', 'Excel Industries Limited', '20'),
(603, 'FAGBEARING', 'EQ', 'FAG Bearings India Limited', '20'),
(604, 'FAIRCHEM', 'EQ', 'Fairchem Speciality Limited', '20'),
(605, 'FCL', 'EQ', 'Fineotex Chemical Limited', '20'),
(606, 'FCONSUMER', 'EQ', 'Future Consumer Limited', '20'),
(607, 'FDC', 'EQ', 'FDC Limited', '20'),
(608, 'FEDDERELEC', 'EQ', 'Fedders Electric and Engineering Limited', '20'),
(609, 'FEL', 'EQ', 'Future Enterprises Limited', '20'),
(610, 'FELDVR', 'EQ', 'Future Enterprises Limited', '20'),
(611, 'FIEMIND', 'EQ', 'Fiem Industries Limited', '20'),
(612, 'FILATEX', 'EQ', 'Filatex India Limited', '20'),
(613, 'FINCABLES', 'EQ', 'Finolex Cables Limited', '20'),
(614, 'FINPIPE', 'EQ', 'Finolex Industries Limited', '20'),
(615, 'FLEXITUFF', 'EQ', 'Flexituff International Limited', '20'),
(616, 'FLFL', 'EQ', 'Future Lifestyle Fashions Limited', '20'),
(617, 'FMGOETZE', 'EQ', 'Federal-Mogul Goetze (India) Limited.', '20'),
(618, 'FMNL', 'EQ', 'Future Market Networks Limited', '20'),
(619, 'FOSECOIND', 'EQ', 'Foseco India Limited', '20'),
(620, 'FOURTHDIM', 'SM', 'Fourth Dimension Solutions Limited', '20'),
(621, 'FRETAIL', 'EQ', 'Future Retail Limited', '20'),
(622, 'FROGCELL', 'IT', 'Frog Cellsat Limited', '20'),
(623, 'FSL', 'EQ', 'Firstsource Solutions Limited', '20'),
(624, 'GABRIEL', 'EQ', 'Gabriel India Limited', '20'),
(625, 'GAEL', 'EQ', 'Gujarat Ambuja Exports Limited', '20'),
(626, 'GAL', 'EQ', 'Gyscoal Alloys Limited', '20'),
(627, 'GALLANTT', 'EQ', 'Gallantt Metal Limited', '20'),
(628, 'GALLISPAT', 'EQ', 'Gallantt Ispat Limited', '20'),
(629, 'GAMMNINFRA', 'EQ', 'Gammon Infrastructure Projects Limited', '20'),
(630, 'GAMMONIND', 'EQ', 'Gammon India Limited', '20'),
(631, 'GANDHITUBE', 'EQ', 'Gandhi Special Tubes Limited', '20'),
(632, 'GANECOS', 'EQ', 'Ganesha Ecosphere Limited', '20'),
(633, 'GANESHHOUC', 'EQ', 'Ganesh Housing Corporation Limited', '20'),
(634, 'GARDENSILK', 'EQ', 'Garden Silk Mills Limited', '20'),
(635, 'GARWALLROP', 'EQ', 'Garware  Wall Ropes Limited', '20'),
(636, 'GATI', 'EQ', 'GATI Limited', '20'),
(637, 'GAYAPROJ', 'EQ', 'Gayatri Projects Limited', '20'),
(638, 'GDL', 'EQ', 'Gateway Distriparks Limited', '20'),
(639, 'GEECEE', 'EQ', 'GeeCee Ventures Limited', '20'),
(640, 'GENESYS', 'EQ', 'Genesys International Corporation Limited', '20'),
(641, 'GENUSPAPER', 'EQ', 'Genus Paper & Boards Limited', '20'),
(642, 'GENUSPOWER', 'EQ', 'Genus Power Infrastructures Limited', '20'),
(643, 'GEOJITFSL', 'EQ', 'Geojit Financial Services Limited', '20'),
(644, 'GEPIL', 'EQ', 'GE Power India Limited', '20'),
(645, 'GESHIP', 'EQ', 'The Great Eastern Shipping Company Limited', '20'),
(646, 'GET&D', 'EQ', 'GE T&D India Limited', '20'),
(647, 'GHCL', 'EQ', 'GHCL Limited', '20'),
(648, 'GICHSGFIN', 'EQ', 'GIC Housing Finance Limited', '20'),
(649, 'GICL', 'SM', 'Globe International Carriers Limited', '20'),
(650, 'GILLANDERS', 'EQ', 'Gillanders Arbuthnot & Company Limited', '20'),
(651, 'GILLETTE', 'EQ', 'Gillette India Limited', '20'),
(652, 'GINNIFILA', 'EQ', 'Ginni Filaments Limited', '20'),
(653, 'GIPCL', 'EQ', 'Gujarat Industries Power Company Limited', '20'),
(654, 'GIRRESORTS', 'IT', 'GIR Natureview Resorts Limited', '20'),
(655, 'GITANJALI', 'EQ', 'Gitanjali Gems Limited', '20'),
(656, 'GKWLIMITED', 'EQ', 'GKW Limited', '20'),
(657, 'GLAXO', 'EQ', 'GlaxoSmithKline Pharmaceuticals Limited', '20'),
(658, 'GLOBAL', 'SM', 'Global Education Limited', '20'),
(659, 'GLOBALVECT', 'EQ', 'Global Vectra Helicorp Limited', '20'),
(660, 'GLOBE', 'SM', 'Globe Textiles (India) Limited', '20'),
(661, 'GLOBUSSPR', 'EQ', 'Globus Spirits Limited', '20'),
(662, 'GMBREW', 'EQ', 'GM Breweries Limited', '20'),
(663, 'GMDCLTD', 'EQ', 'Gujarat Mineral Development Corporation Limited', '20'),
(664, 'GNA', 'EQ', 'GNA Axles Limited', '20'),
(665, 'GNFC', 'EQ', 'Gujarat Narmada Valley Fertilizers and Chemicals Limited', '20'),
(666, 'GOCLCORP', 'EQ', 'GOCL Corporation Limited', '20'),
(667, 'GODREJPROP', 'EQ', 'Godrej Properties Limited', '20'),
(668, 'GOKULAGRO', 'EQ', 'Gokul Agro Resources Limited', '20'),
(669, 'GOLDBEES', 'EQ', 'Reliance ETF Gold BeES', '20'),
(670, 'GOLDIAM', 'EQ', 'Goldiam International Limited', '20'),
(671, 'GOLDIWIN', 'EQ', 'ICICI Prudential Gold iWIN ETF', '20'),
(672, 'GOLDSHARE', 'EQ', 'UTI Mutual Fund - UTI Gold Exchange Traded Fund', '20'),
(673, 'GOODLUCK', 'EQ', 'Goodluck India Limited', '20'),
(674, 'GPIL', 'EQ', 'Godawari Power And Ispat limited', '20'),
(675, 'GPPL', 'EQ', 'Gujarat Pipavav Port Limited', '20'),
(676, 'GPTINFRA', 'EQ', 'GPT Infraprojects Limited', '20'),
(677, 'GRAPHITE', 'EQ', 'Graphite India Limited', '20'),
(678, 'GRAVITA', 'EQ', 'Gravita India Limited', '20'),
(679, 'GREAVESCOT', 'EQ', 'Greaves Cotton Limited', '20'),
(680, 'GREENLAM', 'EQ', 'Greenlam Industries Limited', '20'),
(681, 'GREENPLY', 'EQ', 'Greenply Industries Limited', '20'),
(682, 'GREENPOWER', 'EQ', 'Orient Green Power Company Limited', '20'),
(683, 'GRETEX', 'SM', 'Gretex Industries Limited', '20'),
(684, 'GRINDWELL', 'EQ', 'Grindwell Norton Limited', '20'),
(685, 'GROBTEA', 'EQ', 'The Grob Tea Company Limited', '20'),
(686, 'GRPLTD', 'EQ', 'GRP Limited', '20'),
(687, 'GRUH', 'EQ', 'Gruh Finance Limited', '20'),
(688, 'GSCLCEMENT', 'EQ', 'Gujarat Sidhee Cement Limited', '20'),
(689, 'GSKCONS', 'EQ', 'GlaxoSmithKline Consumer Healthcare Limited', '20'),
(690, 'GSPL', 'EQ', 'Gujarat State Petronet Limited', '20'),
(691, 'GTL', 'EQ', 'GTL Limited', '20'),
(692, 'GTLINFRA', 'EQ', 'GTL Infrastructure Limited', '20'),
(693, 'GTNIND', 'EQ', 'GTN Industries Limited', '20'),
(694, 'GTPL', 'EQ', 'GTPL Hathway Limited', '20'),
(695, 'GUFICBIO', 'EQ', 'Gufic Biosciences Limited', '20'),
(696, 'GUJALKALI', 'EQ', 'Gujarat Alkalies and Chemicals Limited', '20'),
(697, 'GUJAPOLLO', 'EQ', 'Gujarat Apollo Industries Limited', '20'),
(698, 'GUJFLUORO', 'EQ', 'Gujarat Fluorochemicals Limited', '20'),
(699, 'GUJGASLTD', 'EQ', 'Gujarat Gas Limited', '20'),
(700, 'GUJNRECOKE', 'EQ', 'Gujarat NRE Coke Limited', '20'),
(701, 'GUJNRECOKE', 'W1', 'Gujarat NRE Coke Limited', '20'),
(702, 'GUJNREDVR', 'EQ', 'Gujarat NRE Coke Limited', '20'),
(703, 'GULFOILLUB', 'EQ', 'Gulf Oil Lubricants India Limited', '20'),
(704, 'GULFPETRO', 'EQ', 'GP Petroleums Limited', '20'),
(705, 'GULPOLY', 'EQ', 'Gulshan Polyols Limited', '20'),
(706, 'GVKPIL', 'EQ', 'GVK Power & Infrastructure Limited', '20'),
(707, 'HANUNG', 'EQ', 'Hanung Toys and Textiles Limited', '20'),
(708, 'HARITASEAT', 'EQ', 'Harita Seating Systems Limited', '20'),
(709, 'HARRMALAYA', 'EQ', 'Harrisons  Malayalam Limited', '20'),
(710, 'HATHWAY', 'EQ', 'Hathway Cable & Datacom Limited', '20'),
(711, 'HATSUN', 'EQ', 'Hatsun Agro Product Limited', '20'),
(712, 'HBLPOWER', 'EQ', 'HBL Power Systems Limited', '20'),
(713, 'HCG', 'EQ', 'Healthcare Global Enterprises Limited', '20'),
(714, 'HCL-INSYS', 'EQ', 'HCL Infosystems Limited', '20'),
(715, 'HDFCMFGETF', 'EQ', 'HDFC Mutual Fund-HDFC Gold Exchange Traded Fund', '20'),
(716, 'HDFCNIFETF', 'EQ', 'HDFC Mutual Fund - HDFC Nifty ETF', '20'),
(717, 'HDFCSENETF', 'EQ', 'HDFC Mutual Fund - HDFC SENSEX ETF', '20'),
(718, 'HEIDELBERG', 'EQ', 'HeidelbergCement India Limited', '20'),
(719, 'HERCULES', 'EQ', 'Hercules Hoists Limited', '20'),
(720, 'HERITGFOOD', 'EQ', 'Heritage Foods Limited', '20'),
(721, 'HESTERBIO', 'EQ', 'Hester Biosciences Limited', '20'),
(722, 'HEXATRADEX', 'EQ', 'Hexa Tradex Limited', '20'),
(723, 'HFCL', 'EQ', 'Himachal Futuristic Communications Limited', '20'),
(724, 'HGS', 'EQ', 'Hinduja Global Solutions Limited', '20'),
(725, 'HIGHGROUND', 'EQ', 'High Ground Enterprise Limited', '20'),
(726, 'HIKAL', 'EQ', 'Hikal Limited', '20'),
(727, 'HIL', 'EQ', 'HIL Limited', '20'),
(728, 'HILTON', 'EQ', 'Hilton Metal Forging Limited', '20'),
(729, 'HIMATSEIDE', 'EQ', 'Himatsingka Seide Limited', '20'),
(730, 'HINDCOMPOS', 'EQ', 'Hindustan Composites Limited', '20'),
(731, 'HINDCOPPER', 'EQ', 'Hindustan Copper Limited', '20'),
(732, 'HINDMOTORS', 'EQ', 'Hindustan Motors Limited', '20'),
(733, 'HINDNATGLS', 'EQ', 'Hindusthan National Glass & Industries Limited', '20'),
(734, 'HINDOILEXP', 'EQ', 'Hindustan Oil Exploration Company Limited', '20'),
(735, 'HINDUJAVEN', 'EQ', 'Hinduja Ventures Limited', '20'),
(736, 'HIRECT', 'EQ', 'Hind Rectifiers Limited', '20'),
(737, 'HITECHCORP', 'EQ', 'Hitech Corporation Limited', '20'),
(738, 'HITECHGEAR', 'EQ', 'The Hi-Tech Gears Limited', '20'),
(739, 'HMVL', 'EQ', 'Hindustan Media Ventures Limited', '20'),
(740, 'HNGSNGBEES', 'EQ', 'Reliance ETF Hang Seng BeES', '20'),
(741, 'HONAUT', 'EQ', 'Honeywell Automation India Limited', '20'),
(742, 'HONDAPOWER', 'EQ', 'Honda Siel Power Products Limited', '20'),
(743, 'HOTELEELA', 'EQ', 'Hotel Leela Venture Limited', '20'),
(744, 'HPL', 'EQ', 'HPL Electric & Power Limited', '20'),
(745, 'HSCL', 'EQ', 'Himadri Speciality Chemical Limited', '20'),
(746, 'HSIL', 'EQ', 'HSIL Limited', '20'),
(747, 'HTMEDIA', 'EQ', 'HT Media Limited', '20'),
(748, 'HUBTOWN', 'EQ', 'Hubtown Limited', '20'),
(749, 'HUDCO', 'EQ', 'Housing & Urban Development Corporation Limited', '20'),
(750, 'HUSYSLTD', 'SM', 'Husys Consulting Limited', '20'),
(751, 'ICRA', 'EQ', 'ICRA Limited', '20'),
(752, 'ICSA', 'EQ', 'ICSA (India) Limited', '20'),
(753, 'IDBIGOLD', 'EQ', 'IDBI Mutual Fund - IDBI Gold Exchange Traded Fund', '20'),
(754, 'IDFNIFTYET', 'EQ', 'IDFC Mutual Fund - IDFC Nifty ETF', '20'),
(755, 'IFBAGRO', 'EQ', 'IFB Agro Industries Limited', '20'),
(756, 'IFBIND', 'EQ', 'IFB Industries Limited', '20'),
(757, 'IFGLREFRAC', 'EQ', 'IFGL Refractories Limited', '20'),
(758, 'IGARASHI', 'EQ', 'Igarashi Motors India Limited', '20'),
(759, 'IGPL', 'EQ', 'IG Petrochemicals Limited', '20'),
(760, 'IIFL', 'EQ', 'IIFL Holdings Limited', '20'),
(761, 'IL&FSENGG', 'EQ', 'IL&FS Engineering and Construction Company Limited', '20'),
(762, 'IL&FSTRANS', 'EQ', 'IL&FS Transportation Networks Limited', '20'),
(763, 'IMPAL', 'EQ', 'India Motor Parts and Accessories Limited', '20'),
(764, 'INDBANK', 'EQ', 'Indbank Merchant Banking Services Limited', '20'),
(765, 'INDHOTEL', 'EQ', 'The Indian Hotels Company Limited', '20'),
(766, 'INDIAGLYCO', 'EQ', 'India Glycols Limited', '20'),
(767, 'INDIANCARD', 'EQ', 'Indian Card Clothing Company Limited', '20'),
(768, 'INDIANHUME', 'EQ', 'Indian Hume Pipe Company Limited', '20'),
(769, 'INDIGRID', 'IV', 'India Grid Trust', '20'),
(770, 'INDLMETER', 'EQ', 'IMP Powers Limited', '20'),
(771, 'INDNIPPON', 'EQ', 'India Nippon Electricals Limited', '20'),
(772, 'INDOCO', 'EQ', 'Indoco Remedies Limited', '20'),
(773, 'INDORAMA', 'EQ', 'Indo Rama Synthetics (India) Limited', '20'),
(774, 'INDOTECH', 'EQ', 'Indo Tech Transformers Limited', '20'),
(775, 'INDRAMEDCO', 'EQ', 'Indraprastha Medical Corporation Limited', '20'),
(776, 'INDSWFTLAB', 'EQ', 'Ind-Swift Laboratories Limited', '20'),
(777, 'INDTERRAIN', 'EQ', 'Indian Terrain Fashions Limited', '20'),
(778, 'INEOSSTYRO', 'EQ', 'INEOS Styrolution India Limited', '20'),
(779, 'INFINITE', 'EQ', 'Infinite Computer Solutions (India) Limited', '20'),
(780, 'INFOBEAN', 'SM', 'InfoBeans Techno. Ltd.', '20'),
(781, 'INFRABEES', 'EQ', 'Reliance ETF Infra BeES', '20'),
(782, 'INGERRAND', 'EQ', 'Ingersoll Rand (India) Limited', '20'),
(783, 'INOXLEISUR', 'EQ', 'INOX Leisure Limited', '20'),
(784, 'INOXWIND', 'EQ', 'Inox Wind Limited', '20'),
(785, 'INSECTICID', 'EQ', 'Insecticides (India) Limited', '20'),
(786, 'INTELLECT', 'EQ', 'Intellect Design Arena Limited', '20'),
(787, 'INTENTECH', 'EQ', 'Intense Technologies Limited', '20'),
(788, 'INVENTURE', 'EQ', 'Inventure Growth & Securities Limited', '20'),
(789, 'IOB', 'EQ', 'Indian Overseas Bank', '20'),
(790, 'IOLCP', 'EQ', 'IOL Chemicals and Pharmaceuticals Limited', '20'),
(791, 'IPAPPM', 'EQ', 'International Paper APPM Limited', '20'),
(792, 'IPCALAB', 'EQ', 'IPCA Laboratories Limited', '20'),
(793, 'IRBINVIT', 'IV', 'IRB InvIT Fund', '20'),
(794, 'ISFT', 'EQ', 'Intrasoft Technologies Limited', '20'),
(795, 'ISMTLTD', 'EQ', 'ISMT Limited', '20'),
(796, 'ITDC', 'EQ', 'India Tourism Development Corporation Limited', '20'),
(797, 'ITDCEM', 'EQ', 'ITD Cementation India Limited', '20'),
(798, 'ITI', 'EQ', 'ITI Limited', '20'),
(799, 'IVC', 'EQ', 'IL&FS Investment Managers Limited', '20'),
(800, 'IVP', 'EQ', 'IVP Limited', '20'),
(801, 'IVRCLINFRA', 'EQ', 'IVRCL Limited', '20'),
(802, 'IVZINGOLD', 'EQ', 'Invesco India Gold Exchange Traded Fund', '20'),
(803, 'IVZINNIFTY', 'EQ', 'Invesco India Nifty Exchange Traded Fund', '20'),
(804, 'IZMO', 'EQ', 'IZMO Limited', '20'),
(805, 'JAGRAN', 'EQ', 'Jagran Prakashan Limited', '20'),
(806, 'JAGSNPHARM', 'EQ', 'Jagsonpal Pharmaceuticals Limited', '20'),
(807, 'JAICORPLTD', 'EQ', 'Jai Corp Limited', '20'),
(808, 'JALAN', 'SM', 'Jalan Transolutions (India) Limited', '20'),
(809, 'JAMNAAUTO', 'EQ', 'Jamna Auto Industries Limited', '20'),
(810, 'JAYAGROGN', 'EQ', 'Jayant Agro Organics Limited', '20'),
(811, 'JAYBARMARU', 'EQ', 'Jay Bharat Maruti Limited', '20'),
(812, 'JAYNECOIND', 'EQ', 'Jayaswal Neco Industries Limited', '20'),
(813, 'JAYSREETEA', 'EQ', 'Jayshree Tea & Industries Limited', '20'),
(814, 'JBCHEPHARM', 'EQ', 'JB Chemicals & Pharmaceuticals Limited', '20'),
(815, 'JBFIND', 'EQ', 'JBF Industries Limited', '20'),
(816, 'JCHAC', 'EQ', 'Johnson Controls  Hitachi Air Conditioning India Limited', '20'),
(817, 'JETKNIT', 'SM', 'Jet Knitwears Limited', '20'),
(818, 'JINDALPOLY', 'EQ', 'Jindal Poly Films Limited', '20'),
(819, 'JINDALSAW', 'EQ', 'Jindal Saw Limited', '20'),
(820, 'JINDCOT', 'EQ', 'Jindal Cotex Limited', '20'),
(821, 'JINDRILL', 'EQ', 'Jindal Drilling And Industries Limited', '20'),
(822, 'JISLDVREQS', 'EQ', 'Jain Irrigation Systems Limited', '20'),
(823, 'J&KBANK', 'EQ', 'The Jammu & Kashmir Bank Limited', '20'),
(824, 'JKCEMENT', 'EQ', 'JK Cement Limited', '20'),
(825, 'JKIL', 'EQ', 'J.Kumar Infraprojects Limited', '20'),
(826, 'JKLAKSHMI', 'EQ', 'JK Lakshmi Cement Limited', '20'),
(827, 'JKPAPER', 'EQ', 'JK Paper Limited', '20'),
(828, 'JKTYRE', 'EQ', 'JK Tyre & Industries Limited', '20'),
(829, 'JMA', 'EQ', 'Jullundur Motor Agency (Delhi) Limited', '20'),
(830, 'JMCPROJECT', 'EQ', 'JMC Projects (India)  Limited', '20'),
(831, 'JMFINANCIL', 'EQ', 'JM Financial Limited', '20'),
(832, 'JMTAUTOLTD', 'EQ', 'JMT Auto Limited', '20'),
(833, 'JOCIL', 'EQ', 'Jocil Limited', '20'),
(834, 'JPOLYINVST', 'EQ', 'Jindal Poly Investment and Finance Company Limited', '20'),
(835, 'JPPOWER', 'EQ', 'Jaiprakash Power Ventures Limited', '20'),
(836, 'JSL', 'EQ', 'Jindal Stainless Limited', '20'),
(837, 'JSLHISAR', 'EQ', 'Jindal Stainless (Hisar) Limited', '20'),
(838, 'JSWHL', 'EQ', 'JSW Holdings Limited', '20'),
(839, 'JUBILANT', 'EQ', 'Jubilant Life Sciences Limited', '20'),
(840, 'JUBLINDS', 'EQ', 'Jubilant Industries Limited', '20'),
(841, 'JUNIORBEES', 'EQ', 'Reliance ETF Junior BeES', '20'),
(842, 'JVLAGRO', 'EQ', 'JVL Agro Industries Limited', '20'),
(843, 'JYOTHYLAB', 'EQ', 'Jyothy Laboratories Limited', '20'),
(844, 'KAKATCEM', 'EQ', 'Kakatiya Cement Sugar & Industries Limited', '20'),
(845, 'KALPATPOWR', 'EQ', 'Kalpataru Power Transmission Limited', '20'),
(846, 'KAMATHOTEL', 'EQ', 'Kamat Hotels (I) Limited', '20'),
(847, 'KAMDHENU', 'EQ', 'Kamdhenu Limited', '20');
INSERT INTO `archive_table1` (`sym_id`, `symbol`, `series`, `security`, `band`) VALUES
(848, 'KANANIIND', 'EQ', 'Kanani Industries Limited', '20'),
(849, 'KANORICHEM', 'EQ', 'Kanoria Chemicals & Industries Limited', '20'),
(850, 'KANSAINER', 'EQ', 'Kansai Nerolac Paints Limited', '20'),
(851, 'KARURVYSYA', 'EQ', 'Karur Vysya Bank Limited', '20'),
(852, 'KAUSHALYA', 'EQ', 'Kaushalya Infrastructure Development Corporation Limited', '20'),
(853, 'KAVVERITEL', 'EQ', 'Kavveri Telecom Products Limited', '20'),
(854, 'KAWIRES', 'IT', 'K A Wires Limited', '20'),
(855, 'KAYA', 'EQ', 'Kaya Limited', '20'),
(856, 'KCP', 'EQ', 'KCP Limited', '20'),
(857, 'KCPSUGIND', 'EQ', 'KCP Sugar and Industries Corporation Limited', '20'),
(858, 'KDDL', 'EQ', 'KDDL Limited', '20'),
(859, 'KEC', 'EQ', 'KEC International Limited', '20'),
(860, 'KECL', 'EQ', 'Kirloskar Electric Company Limited', '20'),
(861, 'KEI', 'EQ', 'KEI Industries Limited', '20'),
(862, 'KELLTONTEC', 'EQ', 'Kellton Tech Solutions Limited', '20'),
(863, 'KESORAMIND', 'EQ', 'Kesoram Industries Limited', '20'),
(864, 'KICL', 'EQ', 'Kalyani Investment Company Limited', '20'),
(865, 'KINGFA', 'EQ', 'Kingfa Science & Technology (India) Limited', '20'),
(866, 'KIRIINDUS', 'EQ', 'Kiri Industries Limited', '20'),
(867, 'KIRLOSBROS', 'EQ', 'Kirloskar Brothers Limited', '20'),
(868, 'KIRLOSENG', 'EQ', 'Kirloskar Oil Engines Limited', '20'),
(869, 'KIRLOSIND', 'EQ', 'Kirloskar Industries Limited', '20'),
(870, 'KITEX', 'EQ', 'Kitex Garments Limited', '20'),
(871, 'KKCL', 'EQ', 'Kewal Kiran Clothing Limited', '20'),
(872, 'KKVAPOW', 'SM', 'KKV Agro Powers Limited', '20'),
(873, 'KMSUGAR', 'EQ', 'K.M.Sugar Mills Limited', '20'),
(874, 'KNRCON', 'EQ', 'KNR Constructions Limited', '20'),
(875, 'KOHINOOR', 'EQ', 'Kohinoor Foods Limited', '20'),
(876, 'KOKUYOCMLN', 'EQ', 'Kokuyo Camlin Limited', '20'),
(877, 'KOLTEPATIL', 'EQ', 'Kolte - Patil Developers Limited', '20'),
(878, 'KOPRAN', 'EQ', 'Kopran Limited', '20'),
(879, 'KOTAKBKETF', 'EQ', 'Kotak Mahindra MF - Kotak Banking ETF - Dividend Payout Option', '20'),
(880, 'KOTAKGOLD', 'EQ', 'Kotak Mutual Fund - Gold Exchange Traded Fund', '20'),
(881, 'KOTAKNIFTY', 'EQ', 'Kotak Mahindra Mutual Fund-Kotak Nifty ETF', '20'),
(882, 'KOTAKNV20', 'EQ', 'Kotak Mahindra MF - Kotak NV 20 ETF - DPO', '20'),
(883, 'KOTAKPSUBK', 'EQ', 'Kotak Mahindra Mutual Fund', '20'),
(884, 'KOTARISUG', 'EQ', 'Kothari Sugars And Chemicals Limited', '20'),
(885, 'KOTHARIPET', 'EQ', 'Kothari Petrochemicals Limited', '20'),
(886, 'KOTHARIPRO', 'EQ', 'Kothari Products Limited', '20'),
(887, 'KPRMILL', 'EQ', 'K.P.R. Mill Limited', '20'),
(888, 'KRBL', 'EQ', 'KRBL Limited', '20'),
(889, 'KRISHANA', 'SM', 'Krishana Phoschem Limited', '20'),
(890, 'KSBPUMPS', 'EQ', 'KSB Pumps Limited', '20'),
(891, 'KSL', 'EQ', 'Kalyani Steels Limited', '20'),
(892, 'KTIL', 'EQ', 'Kesar Terminals & Infrastructure Limited', '20'),
(893, 'KWALITY', 'EQ', 'kwality limited', '20'),
(894, 'LAKPRE', 'EQ', 'Lakshmi Precision Screws Limited', '20'),
(895, 'LAKSHMIEFL', 'EQ', 'Lakshmi Energy and Foods Limited', '20'),
(896, 'LAKSHVILAS', 'EQ', 'Lakshmi Vilas Bank Limited', '20'),
(897, 'LALPATHLAB', 'EQ', 'Dr. Lal Path Labs Ltd.', '20'),
(898, 'LAMBODHARA', 'EQ', 'Lambodhara Textiles Limited', '20'),
(899, 'LAOPALA', 'EQ', 'La Opala RG Limited', '20'),
(900, 'LAURUSLABS', 'EQ', 'Laurus Labs Limited', '20'),
(901, 'LAXMICOT', 'SM', 'Laxmi Cotspin Limited', '20'),
(902, 'LAXMIMACH', 'EQ', 'Lakshmi Machine Works Limited', '20'),
(903, 'LEEL', 'EQ', 'LEEL Electricals Limited', '20'),
(904, 'LGBBROSLTD', 'EQ', 'LG Balakrishnan & Bros Limited', '20'),
(905, 'LIBAS', 'SM', 'Libas Designs Limited', '20'),
(906, 'LIBERTSHOE', 'EQ', 'Liberty Shoes Limited', '20'),
(907, 'LICNETFGSC', 'EQ', 'LIC MF - LIC MF G-sec LT ETF - GO', '20'),
(908, 'LICNETFN50', 'EQ', 'LIC MF - LIC MF EXCHANGE TRADED FUND - NIFTY 50', '20'),
(909, 'LICNETFSEN', 'EQ', 'LIC Mutual Fund - LIC MF EXCHANGE TRADED FUND - SENSEX', '20'),
(910, 'LICNFNHGP', 'EQ', 'LIC MF - LIC MF ETF - Nifty 100', '20'),
(911, 'LINCOLN', 'EQ', 'Lincoln Pharmaceuticals Limited', '20'),
(912, 'LINCPEN', 'EQ', 'Linc Pen & Plastics Limited', '20'),
(913, 'LINDEINDIA', 'EQ', 'Linde India Limited', '20'),
(914, 'LML', 'EQ', 'LML Limited', '20'),
(915, 'LOKESHMACH', 'EQ', 'Lokesh Machines Limited', '20'),
(916, 'LOTUSEYE', 'EQ', 'Lotus Eye Care Hospital Limited', '20'),
(917, 'LOVABLE', 'EQ', 'Lovable Lingerie Limited', '20'),
(918, 'LOWVOLIWIN', 'EQ', 'ICICI Prudential Mutual Fund - ICICI Prudential Nifty Low Vol 30 iWIN', '20'),
(919, 'LPDC', 'EQ', 'Landmark Property Development Company Limited', '20'),
(920, 'LSIL', 'EQ', 'Lloyds Steels Industries Limited', '20'),
(921, 'LTI', 'EQ', 'Larsen & Toubro Infotech Limited', '20'),
(922, 'LTTS', 'EQ', 'L&T Technology Services Limited', '20'),
(923, 'LUMAXIND', 'EQ', 'Lumax Industries Limited', '20'),
(924, 'LUMAXTECH', 'EQ', 'Lumax Auto Technologies Limited', '20'),
(925, 'LUXIND', 'EQ', 'Lux Industries Limited', '20'),
(926, 'LYKALABS', 'EQ', 'Lyka Labs Limited', '20'),
(927, 'LYPSAGEMS', 'EQ', 'Lypsa Gems & Jewellery Limited', '20'),
(928, 'M100', 'EQ', 'Motilal Oswal Mutual Fund - Motilal Oswal MOSt Shares M100 ETF GO', '20'),
(929, 'M50', 'EQ', 'Motilal Oswal Mutual Fund - Motilal Oswal MOSt Shares M50 ETF', '20'),
(930, 'MADHAV', 'EQ', 'Madhav Marbles and Granites Limited', '20'),
(931, 'MADHUCON', 'EQ', 'Madhucon Projects Limited', '20'),
(932, 'MAGMA', 'EQ', 'Magma Fincorp Limited', '20'),
(933, 'MAHABANK', 'EQ', 'Bank of Maharashtra', '20'),
(934, 'MAHASTEEL', 'EQ', 'Mahamaya Steel Industries Limited', '20'),
(935, 'MAHINDCIE', 'EQ', 'Mahindra CIE Automotive Limited', '20'),
(936, 'MAHLIFE', 'EQ', 'Mahindra Lifespace Developers Limited', '20'),
(937, 'MAHSCOOTER', 'EQ', 'Maharashtra Scooters Limited', '20'),
(938, 'MAHSEAMLES', 'EQ', 'Maharashtra Seamless Limited', '20'),
(939, 'MAITHANALL', 'EQ', 'Maithan Alloys Limited', '20'),
(940, 'MAJESCO', 'EQ', 'Majesco Limited', '20'),
(941, 'MANAKCOAT', 'EQ', 'Manaksia Coated Metals & Industries Limited', '20'),
(942, 'MANAKSIA', 'EQ', 'Manaksia Limited', '20'),
(943, 'MANAKSTEEL', 'EQ', 'Manaksia Steels Limited', '20'),
(944, 'MANALIPETC', 'EQ', 'Manali Petrochemicals Limited', '20'),
(945, 'MANGALAM', 'EQ', 'Mangalam Drugs And Organics Limited', '20'),
(946, 'MANGCHEFER', 'EQ', 'Mangalore Chemicals & Fertilizers Limited', '20'),
(947, 'MANGLMCEM', 'EQ', 'Mangalam Cement Limited', '20'),
(948, 'MANGTIMBER', 'EQ', 'Mangalam Timber Products Limited', '20'),
(949, 'MANINDS', 'EQ', 'Man Industries (India) Limited', '20'),
(950, 'MANINFRA', 'EQ', 'Man Infraconstruction Limited', '20'),
(951, 'MANPASAND', 'EQ', 'Manpasand Beverages Limited', '20'),
(952, 'MANUGRAPH', 'EQ', 'Manugraph India Limited', '20'),
(953, 'MARALOVER', 'EQ', 'Maral Overseas Limited', '20'),
(954, 'MARATHON', 'EQ', 'Marathon Nextgen Realty Limited', '20'),
(955, 'MARKSANS', 'EQ', 'Marksans Pharma Limited', '20'),
(956, 'MASTEK', 'EQ', 'Mastek Limited', '20'),
(957, 'MAWANASUG', 'EQ', 'Mawana Sugars Limited', '20'),
(958, 'MAXINDIA', 'EQ', 'Max India Limited', '20'),
(959, 'MAXVIL', 'EQ', 'Max Ventures and Industries Limited', '20'),
(960, 'MAYURUNIQ', 'EQ', 'Mayur Uniquoters Ltd', '20'),
(961, 'MAZDA', 'EQ', 'Mazda Limited', '20'),
(962, 'MBAPL', 'SM', 'Madhya Bharat Agro Products Limited', '20'),
(963, 'MCDHOLDING', 'EQ', 'McDowell Holdings Limited', '20'),
(964, 'MCLEODRUSS', 'EQ', 'Mcleod Russel India Limited', '20'),
(965, 'MEGASOFT', 'EQ', 'Megasoft Limited', '20'),
(966, 'MEGH', 'EQ', 'Meghmani Organics Limited', '20'),
(967, 'MENONBE', 'EQ', 'Menon Bearings Limited', '20'),
(968, 'MEP', 'EQ', 'MEP Infrastructure Developers Limited', '20'),
(969, 'MERCATOR', 'EQ', 'Mercator Limited', '20'),
(970, 'MERCK', 'EQ', 'Merck Limited', '20'),
(971, 'MHRIL', 'EQ', 'Mahindra Holidays & Resorts India Limited', '20'),
(972, 'MIC', 'EQ', 'MIC Electronics Limited', '20'),
(973, 'MIDCAPIWIN', 'EQ', 'ICICI Prudential Midcap Select iWIN ETF', '20'),
(974, 'MINDACORP', 'EQ', 'Minda Corporation Limited', '20'),
(975, 'MINDAIND', 'EQ', 'Minda Industries Limited', '20'),
(976, 'MINDTECK', 'EQ', 'Mindteck (India) Limited', '20'),
(977, 'MIRCELECTR', 'EQ', 'MIRC Electronics Limited', '20'),
(978, 'MIRZAINT', 'EQ', 'Mirza International Limited', '20'),
(979, 'MKPL', 'SM', 'M K Proteins Limited', '20'),
(980, 'MMFL', 'EQ', 'MM Forgings Limited', '20'),
(981, 'MMNL', 'IT', 'MIG Media Neurons Limited', '20'),
(982, 'MMTC', 'EQ', 'MMTC Limited', '20'),
(983, 'MOHINI', 'IT', 'Mohini Fibers Limited', '20'),
(984, 'MOHITIND', 'EQ', 'Mohit Industries Limited', '20'),
(985, 'MOIL', 'EQ', 'MOIL Limited', '20'),
(986, 'MOLDTECH', 'EQ', 'Mold-Tek Technologies Limited', '20'),
(987, 'MOLDTKPAC', 'EQ', 'Mold-Tek Packaging Limited', '20'),
(988, 'MOMAI', 'SM', 'Momai Apparels Limited', '20'),
(989, 'MONNETISPA', 'EQ', 'Monnet Ispat and Energy Limited', '20'),
(990, 'MONSANTO', 'EQ', 'Monsanto India Limited', '20'),
(991, 'MONTECARLO', 'EQ', 'Monte Carlo Fashions Limited', '20'),
(992, 'MORARJEE', 'EQ', 'Morarjee Textiles Limited', '20'),
(993, 'MOREPENLAB', 'EQ', 'Morepen Laboratories Limited', '20'),
(994, 'MOSERBAER', 'EQ', 'Moser-Baer (I) Limited', '20'),
(995, 'MOTILALOFS', 'EQ', 'Motilal Oswal Financial Services Limited', '20'),
(996, 'MPHASIS', 'EQ', 'MphasiS Limited', '20'),
(997, 'MPSLTD', 'EQ', 'MPS Limited', '20'),
(998, 'MRO', 'IT', 'M.R. Organisation Limited', '20'),
(999, 'MSPL', 'EQ', 'MSP Steel & Power Limited', '20'),
(1000, 'MTEDUCARE', 'EQ', 'MT Educare Limited', '20'),
(1001, 'MTNL', 'EQ', 'Mahanagar Telephone Nigam Limited', '20'),
(1002, 'MUKANDENGG', 'EQ', 'Mukand Engineers Limited', '20'),
(1003, 'MUKANDLTD', 'EQ', 'Mukand Limited', '20'),
(1004, 'MUKTAARTS', 'EQ', 'Mukta Arts Limited', '20'),
(1005, 'MUNJALAU', 'EQ', 'Munjal Auto Industries Limited', '20'),
(1006, 'MUNJALSHOW', 'EQ', 'Munjal Showa Limited', '20'),
(1007, 'MUTHOOTCAP', 'EQ', 'Muthoot Capital Services Limited', '20'),
(1008, 'N100', 'EQ', 'Motilal Oswal Mutual Fund-Motilal Oswal MOSt Shares NASDAQ 100 ETF -GO', '20'),
(1009, 'NAGAAGRI', 'EQ', 'Nagarjuna Agrichem Limited', '20'),
(1010, 'NAGAROIL', 'EQ', 'Nagarjuna Oil Refinery Limited', '20'),
(1011, 'NAGREEKEXP', 'EQ', 'Nagreeka Exports Limited', '20'),
(1012, 'NAHARCAP', 'EQ', 'Nahar Capital and Financial Services Limited', '20'),
(1013, 'NAHARINDUS', 'EQ', 'Nahar Industrial Enterprises Limited', '20'),
(1014, 'NAHARPOLY', 'EQ', 'Nahar Poly Films Limited', '20'),
(1015, 'NAHARSPING', 'EQ', 'Nahar Spinning Mills Limited', '20'),
(1016, 'NANDANI', 'SM', 'Nandani Creation Limited', '20'),
(1017, 'NATCOPHARM', 'EQ', 'Natco Pharma Limited', '20'),
(1018, 'NAUKRI', 'EQ', 'Info Edge (India) Limited', '20'),
(1019, 'NAVINFLUOR', 'EQ', 'Navin Fluorine International Limited', '20'),
(1020, 'NAVKARCORP', 'EQ', 'Navkar Corporation Limited', '20'),
(1021, 'NAVNETEDUL', 'EQ', 'Navneet Education Limited', '20'),
(1022, 'NBVENTURES', 'EQ', 'Nava Bharat Ventures Limited', '20'),
(1023, 'NCLIND', 'EQ', 'NCL Industries Limited', '20'),
(1024, 'NDL', 'EQ', 'Nandan Denim Limited', '20'),
(1025, 'NDTV', 'EQ', 'New Delhi Television Limited', '20'),
(1026, 'NECCLTD', 'EQ', 'North Eastern Carrying Corporation Limited', '20'),
(1027, 'NECLIFE', 'EQ', 'Nectar Lifesciences Limited', '20'),
(1028, 'NELCAST', 'EQ', 'Nelcast Limited', '20'),
(1029, 'NELCO', 'EQ', 'NELCO Limited', '20'),
(1030, 'NEO', 'IT', 'Neopolitan Pizza Limited', '20'),
(1031, 'NESCO', 'EQ', 'Nesco Limited', '20'),
(1032, 'NETWORK18', 'EQ', 'Network18 Media & Investments Limited', '20'),
(1033, 'NEULANDLAB', 'EQ', 'Neuland Laboratories Limited', '20'),
(1034, 'NFL', 'EQ', 'National Fertilizers Limited', '20'),
(1035, 'NH', 'EQ', 'Narayana Hrudayalaya Ltd.', '20'),
(1036, 'NIBL', 'EQ', 'NRB Industrial Bearings Limited', '20'),
(1037, 'NIF100IWIN', 'EQ', 'ICICI Prudential Nifty 100 iWIN ETF', '20'),
(1038, 'NIFTYBEES', 'EQ', 'Reliance ETF Nifty BeES', '20'),
(1039, 'NIFTYEES', 'EQ', 'Edelweiss ETF - Nifty 50', '20'),
(1040, 'NIFTYIWIN', 'EQ', 'ICICI Prudential Nifty iWIN ETF', '20'),
(1041, 'NIITLTD', 'EQ', 'NIIT Limited', '20'),
(1042, 'NILAINFRA', 'EQ', 'Nila Infrastructures Limited', '20'),
(1043, 'NILKAMAL', 'EQ', 'Nilkamal Limited', '20'),
(1044, 'NIPPOBATRY', 'EQ', 'Indo-National Limited', '20'),
(1045, 'NITCO', 'EQ', 'Nitco Limited', '20'),
(1046, 'NITESHEST', 'EQ', 'Nitesh Estates Limited', '20'),
(1047, 'NITINSPIN', 'EQ', 'Nitin Spinners Limited', '20'),
(1048, 'NITIRAJ', 'SM', 'Nitiraj Engineers Limited', '20'),
(1049, 'NKIND', 'EQ', 'NK Industries Limited', '20'),
(1050, 'NLCINDIA', 'EQ', 'NLC India Limited', '20'),
(1051, 'NOCIL', 'EQ', 'NOCIL Limited', '20'),
(1052, 'NOIDATOLL', 'EQ', 'Noida Toll Bridge Company Limited', '20'),
(1053, 'NRAIL', 'EQ', 'N R Agarwal Industries Limited', '20'),
(1054, 'NRBBEARING', 'EQ', 'NRB Bearing Limited', '20'),
(1055, 'NSIL', 'EQ', 'Nalwa Sons Investments Limited', '20'),
(1056, 'NTL', 'EQ', 'Neueon Towers Limited', '20'),
(1057, 'NUCLEUS', 'EQ', 'Nucleus Software Exports Limited', '20'),
(1058, 'NUTEK', 'EQ', 'Nu Tek India Limited', '20'),
(1059, 'NV20IWIN', 'EQ', 'ICICI Prudential NV20 iWIN ETF', '20'),
(1060, 'OBEROIRLTY', 'EQ', 'Oberoi Realty Limited', '20'),
(1061, 'OCCL', 'EQ', 'Oriental Carbon & Chemicals Limited', '20'),
(1062, 'OCL', 'EQ', 'OCL India Limited', '20'),
(1063, 'OILCOUNTUB', 'EQ', 'Oil Country Tubular Limited', '20'),
(1064, 'OMAXAUTO', 'EQ', 'Omax Autos Limited', '20'),
(1065, 'OMAXE', 'EQ', 'Omaxe Limited', '20'),
(1066, 'OMKARCHEM', 'EQ', 'Omkar Speciality Chemicals Limited', '20'),
(1067, 'OMMETALS', 'EQ', 'OM Metals Infraprojects Limited', '20'),
(1068, 'ONMOBILE', 'EQ', 'OnMobile Global Limited', '20'),
(1069, 'OPAL', 'SM', 'Opal Luxury Time Products Limited', '20'),
(1070, 'OPTOCIRCUI', 'EQ', 'Opto Circuits (India) Limited', '20'),
(1071, 'ORBTEXP', 'EQ', 'Orbit Exports Limited', '20'),
(1072, 'ORCHIDPHAR', 'EQ', 'Orchid Pharma Limited', '20'),
(1073, 'ORICONENT', 'EQ', 'Oricon Enterprises Limited', '20'),
(1074, 'ORIENTABRA', 'EQ', 'Orient Abrasives Limited', '20'),
(1075, 'ORIENTBELL', 'EQ', 'Orient Bell Limited', '20'),
(1076, 'ORIENTCEM', 'EQ', 'Orient Cement Limited', '20'),
(1077, 'ORIENTHOT', 'EQ', 'Oriental Hotels Limited', '20'),
(1078, 'ORIENTLTD', 'EQ', 'Orient Press Limited', '20'),
(1079, 'ORIENTPPR', 'EQ', 'Orient Paper & Industries Limited', '20'),
(1080, 'ORIENTREF', 'EQ', 'Orient Refractories Limited', '20'),
(1081, 'ORISSAMINE', 'EQ', 'The Orissa Minerals Development Company Limited', '20'),
(1082, 'ORTEL', 'EQ', 'Ortel Communications Limited', '20'),
(1083, 'PANACEABIO', 'EQ', 'Panacea Biotec Limited', '20'),
(1084, 'PANACHE', 'SM', 'Panache Digilife Limited', '20'),
(1085, 'PANAMAPET', 'EQ', 'Panama Petrochem Limited', '20'),
(1086, 'PANORAMUNI', 'EQ', 'Panoramic Universal Limited', '20'),
(1087, 'PANSARI', 'SM', 'Pansari Developers Limited', '20'),
(1088, 'PAPERPROD', 'EQ', 'Huhtamaki PPL Limited', '20'),
(1089, 'PARABDRUGS', 'EQ', 'Parabolic Drugs Limited', '20'),
(1090, 'PARAGMILK', 'EQ', 'Parag Milk Foods Limited', '20'),
(1091, 'PARSVNATH', 'EQ', 'Parsvnath Developers Limited', '20'),
(1092, 'PATELENG', 'EQ', 'Patel Engineering Limited', '20'),
(1093, 'PATINTLOG', 'EQ', 'Patel Integrated Logistics Limited', '20'),
(1094, 'PATSPINLTD', 'EQ', 'Patspin India Limited', '20'),
(1095, 'PBAINFRA', 'EQ', 'PBA Infrastructure Limited', '20'),
(1096, 'PDMJEPAPER', 'EQ', 'Pudumjee Paper Products Limited', '20'),
(1097, 'PDPL', 'EQ', 'Parenteral Drugs (India) Limited', '20'),
(1098, 'PDSMFL', 'EQ', 'PDS Multinational Fashions Limited', '20'),
(1099, 'PDUMJEPULP', 'EQ', 'Pudumjee Pulp & Paper Mills Limited', '20'),
(1100, 'PENIND', 'EQ', 'Pennar Industries Limited', '20'),
(1101, 'PENINLAND', 'EQ', 'Peninsula Land Limited', '20'),
(1102, 'PENPEBS', 'EQ', 'Pennar Engineered Building Systems Limited', '20'),
(1103, 'PERFECT', 'SM', 'Perfect Infraengineers Limited', '20'),
(1104, 'PERSISTENT', 'EQ', 'Persistent Systems Limited', '20'),
(1105, 'PFIZER', 'EQ', 'Pfizer Limited', '20'),
(1106, 'PFOCUS', 'EQ', 'Prime Focus Limited', '20'),
(1107, 'PFS', 'EQ', 'PTC India Financial Services Limited', '20'),
(1108, 'PGEL', 'EQ', 'PG Electroplast Limited', '20'),
(1109, 'PGHH', 'EQ', 'Procter & Gamble Hygiene and Health Care Limited', '20'),
(1110, 'PGIL', 'EQ', 'Pearl Global Industries Limited', '20'),
(1111, 'PHILIPCARB', 'EQ', 'Phillips Carbon Black Limited', '20'),
(1112, 'PHOENIXLL', 'EQ', 'Phoenix Lamps Limited', '20'),
(1113, 'PHOENIXLTD', 'EQ', 'The Phoenix Mills Limited', '20'),
(1114, 'PIIND', 'EQ', 'PI Industries Limited', '20'),
(1115, 'PINCON', 'EQ', 'Pincon Spirit Limited', '20'),
(1116, 'PIONEEREMB', 'EQ', 'Pioneer Embroideries Limited', '20'),
(1117, 'PITTILAM', 'EQ', 'Pitti Laminations Limited', '20'),
(1118, 'PKTEA', 'EQ', 'The Peria Karamalai Tea & Produce Company Limited', '20'),
(1119, 'PLASTIBLEN', 'EQ', 'Plastiblends India Limited', '20'),
(1120, 'PNBGILTS', 'EQ', 'PNB GILTS LTD.', '20'),
(1121, 'PNBHOUSING', 'EQ', 'PNB Housing Finance Limited', '20'),
(1122, 'PNCINFRA', 'EQ', 'PNC Infratech Limited', '20'),
(1123, 'POCHIRAJU', 'EQ', 'Pochiraju Industries Limited', '20'),
(1124, 'PODDARHOUS', 'EQ', 'Poddar Housing and Development Limited', '20'),
(1125, 'PODDARMENT', 'EQ', 'Poddar Pigments Limited', '20'),
(1126, 'POKARNA', 'EQ', 'Pokarna Limited', '20'),
(1127, 'POLARIS', 'EQ', 'POLARIS CONSULTING & SERVICES LIMITED', '20'),
(1128, 'POLYMED', 'EQ', 'Poly Medicure Limited', '20'),
(1129, 'POLYPLEX', 'EQ', 'Polyplex Corporation Limited', '20'),
(1130, 'PONNIERODE', 'EQ', 'Ponni Sugars (Erode) Limited', '20'),
(1131, 'POWERMECH', 'EQ', 'Power Mech Projects Limited', '20'),
(1132, 'PPAP', 'EQ', 'PPAP Automotive Limited', '20'),
(1133, 'PRABHAT', 'EQ', 'Prabhat Dairy Limited', '20'),
(1134, 'PRAJIND', 'EQ', 'Praj Industries Limited', '20'),
(1135, 'PRAKASH', 'EQ', 'Prakash Industries Limited', '20'),
(1136, 'PRATIBHA', 'EQ', 'Pratibha Industries Limited', '20'),
(1137, 'PRECAM', 'EQ', 'Precision Camshafts Limited', '20'),
(1138, 'PRECWIRE', 'EQ', 'Precision Wires India Limited', '20'),
(1139, 'PREMEXPLN', 'EQ', 'Premier Explosives Limited', '20'),
(1140, 'PREMIER', 'EQ', 'Premier Limited', '20'),
(1141, 'PRESSMN', 'EQ', 'Pressman Advertising Limited', '20'),
(1142, 'PRESTIGE', 'EQ', 'Prestige Estates Projects Limited', '20'),
(1143, 'PRICOLLTD', 'EQ', 'Pricol Limited', '20'),
(1144, 'PRISMCEM', 'EQ', 'Prism Cement Limited', '20'),
(1145, 'PROLIFE', 'SM', 'Prolife Industries Limited', '20'),
(1146, 'PROVOGE', 'EQ', 'Provogue (India) Limited', '20'),
(1147, 'PSB', 'EQ', 'Punjab & Sind Bank', '20'),
(1148, 'PSL', 'EQ', 'PSL Limited', '20'),
(1149, 'PSPPROJECT', 'EQ', 'PSP Projects Limited', '20'),
(1150, 'PSUBNKBEES', 'EQ', 'Reliance ETF PSU Bank BeES', '20'),
(1151, 'PTL', 'EQ', 'PTL Enterprises Limited', '20'),
(1152, 'PUNJABCHEM', 'EQ', 'Punjab Chemicals & Crop Protection Limited', '20'),
(1153, 'PUNJLLOYD', 'EQ', 'Punj Lloyd Limited', '20'),
(1154, 'PURVA', 'EQ', 'Puravankara Limited', '20'),
(1155, 'PUSHPREALM', 'SM', 'Pushpanjali Realms and Infratech Limited', '20'),
(1156, 'QGOLDHALF', 'EQ', 'Quantum Gold Fund -Exchange Traded Fund (ETF)', '20'),
(1157, 'QNIFTY', 'EQ', 'Quantum Nifty ETF', '20'),
(1158, 'QUESS', 'EQ', 'Quess Corp Limited', '20'),
(1159, 'QUICKHEAL', 'EQ', 'Quick Heal Technologies Limited', '20'),
(1160, 'QVC', 'IT', 'QVC Realty Co. Limited', '20'),
(1161, 'RADICO', 'EQ', 'Radico Khaitan Limited', '20'),
(1162, 'RADIOCITY', 'EQ', 'Music Broadcast Limited', '20'),
(1163, 'RAIN', 'EQ', 'Rain Industries Limited', '20'),
(1164, 'RAIREKMOH', 'EQ', 'Raisaheb Reckhchand Mohota Spinning & Weaving Mills Limited', '20'),
(1165, 'RAJESHEXPO', 'EQ', 'Rajesh Exports Limited', '20'),
(1166, 'RAJSREESUG', 'EQ', 'Rajshree Sugars & Chemicals Limited', '20'),
(1167, 'RAJTV', 'EQ', 'Raj Television Network Limited', '20'),
(1168, 'RALLIS', 'EQ', 'Rallis India Limited', '20'),
(1169, 'RAMANEWS', 'EQ', 'Shree Rama Newsprint Limited', '20'),
(1170, 'RAMASTEEL', 'EQ', 'Rama Steel Tubes Limited', '20'),
(1171, 'RAMCOIND', 'EQ', 'Ramco Industries Limited', '20'),
(1172, 'RAMCOSYS', 'EQ', 'Ramco Systems Limited', '20'),
(1173, 'RAMKY', 'EQ', 'Ramky Infrastructure Limited', '20'),
(1174, 'RANASUG', 'EQ', 'Rana Sugars Limited', '20'),
(1175, 'RANEENGINE', 'EQ', 'Rane Engine Valve Limited', '20'),
(1176, 'RATNAINFRA', 'IT', 'Ratnaakar Infrastructure Limited', '20'),
(1177, 'RATNAMANI', 'EQ', 'Ratnamani Metals & Tubes Limited', '20'),
(1178, 'RBL', 'EQ', 'Rane Brake Lining Limited', '20'),
(1179, 'RCF', 'EQ', 'Rashtriya Chemicals and Fertilizers Limited', '20'),
(1180, 'REDINGTON', 'EQ', 'Redington (India) Limited', '20'),
(1181, 'REIAGROLTD', 'EQ', 'Rei Agro Limited', '20'),
(1182, 'RELAXO', 'EQ', 'Relaxo Footwears Limited', '20'),
(1183, 'RELCNX100', 'EQ', 'Reliance ETF Nifty 100', '20'),
(1184, 'RELCONS', 'EQ', 'Reliance ETF Consumption', '20'),
(1185, 'RELDIVOPP', 'EQ', 'Reliance ETF Dividend Opportunities', '20'),
(1186, 'RELIGARE', 'EQ', 'Religare Enterprises Limited', '20'),
(1187, 'RELNV20', 'EQ', 'Reliance ETF NV20', '20'),
(1188, 'REMSONSIND', 'EQ', 'Remsons Industries Limited', '20'),
(1189, 'RENUKA', 'EQ', 'Shree Renuka Sugars Limited', '20'),
(1190, 'REPRO', 'EQ', 'Repro India Limited', '20'),
(1191, 'RESPONIND', 'EQ', 'Responsive Industries Limited', '20'),
(1192, 'REVATHI', 'EQ', 'Revathi Equipment Limited', '20'),
(1193, 'RICOAUTO', 'EQ', 'Rico Auto Industries Limited', '20'),
(1194, 'RIIL', 'EQ', 'Reliance Industrial Infrastructure Limited', '20'),
(1195, 'RJL', 'EQ', 'Renaissance Jewellery Limited', '20'),
(1196, 'RKFORGE', 'EQ', 'Ramkrishna Forgings Limited', '20'),
(1197, 'RML', 'EQ', 'Rane (Madras) Limited', '20'),
(1198, 'ROHLTD', 'EQ', 'Royal Orchid Hotels Limited', '20'),
(1199, 'ROLTA', 'EQ', 'Rolta India Limited', '20'),
(1200, 'ROSSELLIND', 'EQ', 'Rossell India Limited', '20'),
(1201, 'RPGLIFE', 'EQ', 'RPG Life Sciences Limited', '20'),
(1202, 'RPPINFRA', 'EQ', 'R.P.P. Infra Projects Limited', '20'),
(1203, 'RRSLGETF', 'EQ', 'Reliance ETF Long Term Gilt', '20'),
(1204, 'RSSOFTWARE', 'EQ', 'R. S. Software (India) Limited', '20'),
(1205, 'RSWM', 'EQ', 'RSWM Limited', '20'),
(1206, 'RSYSTEMS', 'EQ', 'R Systems International Limited', '20'),
(1207, 'RTNINFRA', 'EQ', 'RattanIndia Infrastructure Limited', '20'),
(1208, 'RTNPOWER', 'EQ', 'RattanIndia Power Limited', '20'),
(1209, 'RUBYMILLS', 'EQ', 'The Ruby Mills Limited', '20'),
(1210, 'RUCHIRA', 'EQ', 'Ruchira Papers Limited', '20'),
(1211, 'RUCHISOYA', 'EQ', 'Ruchi Soya Industries Limited', '20'),
(1212, 'RUSHIL', 'EQ', 'Rushil Decor Limited', '20'),
(1213, 'SABEVENTS', 'EQ', 'Sab Events & Governance Now Media Limited', '20'),
(1214, 'SABTN', 'EQ', 'Sri Adhikari Brothers Television Network Limited', '20'),
(1215, 'SADBHAV', 'EQ', 'Sadbhav Engineering Limited', '20'),
(1216, 'SADBHIN', 'EQ', 'Sadbhav Infrastructure Project Limited', '20'),
(1217, 'SAGARDEEP', 'SM', 'Sagardeep Alloys Limited', '20'),
(1218, 'SAGCEM', 'EQ', 'Sagar Cements Limited', '20'),
(1219, 'SAKAR', 'SM', 'Sakar Healthcare Limited', '20'),
(1220, 'SAKHTISUG', 'EQ', 'Sakthi Sugars Limited', '20'),
(1221, 'SAKSOFT', 'EQ', 'Saksoft Limited', '20'),
(1222, 'SAKUMA', 'EQ', 'Sakuma Exports Limited', '20'),
(1223, 'SALORAINTL', 'EQ', 'Salora International Limited', '20'),
(1224, 'SALZERELEC', 'EQ', 'Salzer Electronics Limited', '20'),
(1225, 'SANDESH', 'EQ', 'The Sandesh Limited', '20'),
(1226, 'SANGAMIND', 'EQ', 'Sangam (India) Limited', '20'),
(1227, 'SANGHIIND', 'EQ', 'Sanghi Industries Limited', '20'),
(1228, 'SANGHVIFOR', 'EQ', 'Sanghvi Forging and Engineering Limited', '20'),
(1229, 'SANGHVIMOV', 'EQ', 'Sanghvi Movers Limited', '20'),
(1230, 'SANGINITA', 'SM', 'Sanginita Chemicals Limited', '20'),
(1231, 'SANOFI', 'EQ', 'Sanofi India Limited', '20'),
(1232, 'SARDAEN', 'EQ', 'Sarda Energy & Minerals Limited', '20'),
(1233, 'SAREGAMA', 'EQ', 'Saregama India Limited', '20'),
(1234, 'SARLAPOLY', 'EQ', 'Sarla Performance Fibers Limited', '20'),
(1235, 'SASKEN', 'EQ', 'Sasken Technologies Limited', '20'),
(1236, 'SATHAISPAT', 'EQ', 'Sathavahana Ispat Limited', '20'),
(1237, 'SATIN', 'EQ', 'Satin Creditcare Network Limited', '20'),
(1238, 'SCHAND', 'EQ', 'S Chand And Company Limited', '20'),
(1239, 'SCHNEIDER', 'EQ', 'Schneider Electric Infrastructure Limited', '20'),
(1240, 'SCI', 'EQ', 'Shipping Corporation Of India Limited', '20'),
(1241, 'SDBL', 'EQ', 'Som Distilleries & Breweries Limited', '20'),
(1242, 'SEAMECLTD', 'EQ', 'Seamec Limited', '20'),
(1243, 'SEINV', 'EQ', 'S.E. Investments Limited', '20'),
(1244, 'SELAN', 'EQ', 'Selan Exploration Technology Limited', '20'),
(1245, 'SELMCL', 'EQ', 'SEL Manufacturing Company Limited', '20'),
(1246, 'SENSEXIWIN', 'EQ', 'ICICI Prudential Sensex iWIN ETF', '20'),
(1247, 'SEQUENT', 'EQ', 'Sequent Scientific Limited', '20'),
(1248, 'SERVALL', 'EQ', 'Servalakshmi Paper Limited', '20'),
(1249, 'SESHAPAPER', 'EQ', 'Seshasayee Paper and Boards Limited', '20'),
(1250, 'SETCO', 'EQ', 'Setco Automotive Limited', '20'),
(1251, 'SETF10GILT', 'EQ', 'SBI Mutual Fund - SBI-ETF 10 YEAR GILT', '20'),
(1252, 'SETFGOLD', 'EQ', 'SBI-ETF Gold', '20'),
(1253, 'SETFNIF50', 'EQ', 'SBI-ETF Nifty 50', '20'),
(1254, 'SETFNIFBK', 'EQ', 'SBI-ETF Nifty Bank', '20'),
(1255, 'SETFNN50', 'EQ', 'SBI-ETF Nifty Next 50', '20'),
(1256, 'SFL', 'EQ', 'Sheela Foam Limited', '20'),
(1257, 'SGL', 'EQ', 'STL Global Limited', '20'),
(1258, 'SHAIVAL', 'SM', 'Shaival Reality Limited', '20'),
(1259, 'SHAKTIPUMP', 'EQ', 'Shakti Pumps (India) Limited', '20'),
(1260, 'SHANKARA', 'EQ', 'Shankara Building Products Limited', '20'),
(1261, 'SHANTIGEAR', 'EQ', 'Shanthi Gears Limited', '20'),
(1262, 'SHARDACROP', 'EQ', 'Sharda Cropchem Limited', '20'),
(1263, 'SHARIABEES', 'EQ', 'Reliance ETF Shariah BeES', '20'),
(1264, 'SHARONBIO', 'EQ', 'Sharon Bio-Medicine Limited', '20'),
(1265, 'SHEMAROO', 'EQ', 'Shemaroo Entertainment Limited', '20'),
(1266, 'SHILPAMED', 'EQ', 'Shilpa Medicare Limited', '20'),
(1267, 'SHIRPUR-G', 'EQ', 'Shirpur Gold Refinery Limited', '20'),
(1268, 'SHIVAMAUTO', 'EQ', 'Shivam Autotech Limited', '20'),
(1269, 'SHIVTEX', 'EQ', 'Shiva Texyarn Limited', '20'),
(1270, 'SHK', 'EQ', 'S H Kelkar and Company Limited', '20'),
(1271, 'SHOPERSTOP', 'EQ', 'Shoppers Stop Limited', '20'),
(1272, 'SHREEPUSHK', 'EQ', 'Shree Pushkar Chemicals & Fertilisers Limited', '20'),
(1273, 'SHREYANIND', 'EQ', 'Shreyans Industries Limited', '20'),
(1274, 'SHREYAS', 'EQ', 'Shreyas Shipping & Logistics Limited', '20'),
(1275, 'SHRIRAMCIT', 'EQ', 'Shriram City Union Finance Limited', '20'),
(1276, 'SHRIRAMEPC', 'EQ', 'Shriram EPC Limited', '20'),
(1277, 'SHYAMCENT', 'EQ', 'Shyam Century Ferrous Limited', '20'),
(1278, 'SICAGEN', 'EQ', 'Sicagen India Limited', '20'),
(1279, 'SICAL', 'EQ', 'Sical Logistics Limited', '20'),
(1280, 'SIGNET', 'EQ', 'Signet Industries Limited', '20'),
(1281, 'SIIL', 'SM', 'Supreme (India) Impex Limited', '20'),
(1282, 'SIKKO', 'SM', 'Sikko Industries Limited', '20'),
(1283, 'SILINV', 'EQ', 'SIL Investments Limited', '20'),
(1284, 'SIMBHALS', 'EQ', 'Simbhaoli Sugars Limited', '20'),
(1285, 'SIMPLEXINF', 'EQ', 'Simplex Infrastructures Limited', '20'),
(1286, 'SITASHREE', 'EQ', 'Sita Shree Food Products Limited', '20'),
(1287, 'SITINET', 'EQ', 'Siti Networks Limited', '20'),
(1288, 'SIYSIL', 'EQ', 'Siyaram Silk Mills Limited', '20'),
(1289, 'SJVN', 'EQ', 'SJVN Limited', '20'),
(1290, 'SKFINDIA', 'EQ', 'SKF India Limited', '20'),
(1291, 'SKIPPER', 'EQ', 'Skipper Limited', '20'),
(1292, 'SMARTLINK', 'EQ', 'Smartlink Network Systems Limited', '20'),
(1293, 'SMLISUZU', 'EQ', 'SML Isuzu Limited', '20'),
(1294, 'SMPL', 'EQ', 'Splendid Metal Products Limited', '20'),
(1295, 'SMSPHARMA', 'EQ', 'SMS Pharmaceuticals Limited', '20'),
(1296, 'SNOWMAN', 'EQ', 'Snowman Logistics Limited', '20'),
(1297, 'SOBHA', 'EQ', 'Sobha Limited', '20'),
(1298, 'SOLARINDS', 'EQ', 'Solar Industries India Limited', '20'),
(1299, 'SOMANYCERA', 'EQ', 'Somany Ceramics Limited', '20'),
(1300, 'SOMICONVEY', 'EQ', 'Somi Conveyor Beltings Limited', '20'),
(1301, 'SONASTEER', 'EQ', 'Sona Koyo Steering Systems Limited', '20'),
(1302, 'SONATSOFTW', 'EQ', 'Sonata Software Limited', '20'),
(1303, 'SORILINFRA', 'EQ', 'SORIL Infra Resources Limited', '20'),
(1304, 'SOTL', 'EQ', 'Savita Oil Technologies Limited', '20'),
(1305, 'SPAL', 'EQ', 'S. P. Apparels Limited', '20'),
(1306, 'SPARC', 'EQ', 'Sun Pharma Advanced Research Company Limited', '20'),
(1307, 'SPHEREGSL', 'EQ', 'Sphere Global Services Limited', '20'),
(1308, 'SPIC', 'EQ', 'Southern Petrochemicals Industries Corporation  Limited', '20'),
(1309, 'SPICEMOBI', 'EQ', 'Spice Mobility Limited', '20'),
(1310, 'SPLIL', 'EQ', 'SPL Industries Limited', '20'),
(1311, 'SQSBFSI', 'EQ', 'SQS India BFSI Limited', '20'),
(1312, 'SRHHYPOLTD', 'EQ', 'Sree Rayalaseema Hi-Strength Hypo Limited', '20'),
(1313, 'SRIPIPES', 'EQ', 'Srikalahasthi Pipes Limited', '20'),
(1314, 'SRIRAM', 'SM', 'Shri Ram Switchgears Limited', '20'),
(1315, 'SSWL', 'EQ', 'Steel Strips Wheels Limited', '20'),
(1316, 'STAN', 'DR', 'Standard Chartered PLC', '20'),
(1317, 'STARCEMENT', 'EQ', 'Star Cement Limited', '20'),
(1318, 'STARPAPER', 'EQ', 'Star Paper Mills Limited', '20'),
(1319, 'STCINDIA', 'EQ', 'The State Trading Corporation of India Limited', '20'),
(1320, 'STEELCITY', 'SM', 'Steel City Securities Limited', '20'),
(1321, 'STEL', 'EQ', 'Stel Holdings Limited', '20'),
(1322, 'STERLINBIO', 'EQ', 'Sterling Biotech Limited', '20'),
(1323, 'STERTOOLS', 'EQ', 'Sterling Tools Limited', '20'),
(1324, 'STRTECH', 'EQ', 'Sterlite Technologies Limited', '20'),
(1325, 'SUBEX', 'EQ', 'Subex Limited', '20'),
(1326, 'SUBROS', 'EQ', 'Subros Limited', '20'),
(1327, 'SUDARSCHEM', 'EQ', 'Sudarshan Chemical Industries Limited', '20'),
(1328, 'SUJANAUNI', 'EQ', 'Sujana Universal Industries Limited', '20'),
(1329, 'SUMEETINDS', 'EQ', 'Sumeet Industries Limited', '20'),
(1330, 'SUMMITSEC', 'EQ', 'Summit Securities Limited', '20'),
(1331, 'SUNCLAYLTD', 'EQ', 'Sundaram Clayton Limited', '20'),
(1332, 'SUNDARAM', 'EQ', 'Sundaram Multi Pap Limited', '20'),
(1333, 'SUNDARMFIN', 'EQ', 'Sundaram Finance Limited', '20'),
(1334, 'SUNDRMBRAK', 'EQ', 'Sundaram Brake Linings Limited', '20'),
(1335, 'SUNDRMFAST', 'EQ', 'Sundram Fasteners Limited', '20'),
(1336, 'SUNFLAG', 'EQ', 'Sunflag Iron And Steel Company Limited', '20'),
(1337, 'SUNILHITEC', 'EQ', 'Sunil Hitech Engineers Limited', '20'),
(1338, 'SUNTECK', 'EQ', 'Sunteck Realty Limited', '20'),
(1339, 'SUPERHOUSE', 'EQ', 'Superhouse Limited', '20'),
(1340, 'SUPERSPIN', 'EQ', 'Super Spinning Mills Limited', '20'),
(1341, 'SUPPETRO', 'EQ', 'Supreme Petrochem Limited', '20'),
(1342, 'SUPRAJIT', 'EQ', 'Suprajit Engineering Limited', '20'),
(1343, 'SUPREMEIND', 'EQ', 'Supreme Industries Limited', '20'),
(1344, 'SUPREMEINF', 'EQ', 'Supreme Infrastructure India Limited', '20'),
(1345, 'SURANASOL', 'EQ', 'Surana Solar Limited', '20'),
(1346, 'SURANAT&P', 'EQ', 'Surana Telecom and Power Limited', '20'),
(1347, 'SURYALAXMI', 'EQ', 'Suryalakshmi Cotton Mills Limited', '20'),
(1348, 'SURYAROSNI', 'EQ', 'Surya Roshni Limited', '20'),
(1349, 'SUTLEJTEX', 'EQ', 'Sutlej Textiles and Industries Limited', '20'),
(1350, 'SUVEN', 'EQ', 'Suven Life Sciences Limited', '20'),
(1351, 'SWANENERGY', 'EQ', 'Swan Energy Limited', '20'),
(1352, 'SWARAJENG', 'EQ', 'Swaraj Engines Limited', '20'),
(1353, 'SWELECTES', 'EQ', 'Swelect Energy Systems Limited', '20'),
(1354, 'SYMPHONY', 'EQ', 'Symphony Limited', '20'),
(1355, 'SYNCOM', 'EQ', 'Syncom Healthcare Limited', '20'),
(1356, 'SYNGENE', 'EQ', 'Syngene International Limited', '20'),
(1357, 'TAJGVK', 'EQ', 'Taj GVK Hotels & Resorts Limited', '20'),
(1358, 'TAKE', 'EQ', 'Take Solutions Limited', '20'),
(1359, 'TALBROAUTO', 'EQ', 'Talbros Automotive Components Limited', '20'),
(1360, 'TALWALKARS', 'EQ', 'Talwalkars Better Value Fitness Limited', '20'),
(1361, 'TANLA', 'EQ', 'Tanla Solutions Limited', '20'),
(1362, 'TARAJEWELS', 'EQ', 'Tara Jewels Limited', '20'),
(1363, 'TASTYBITE', 'EQ', 'Tasty Bite Eatables Limited', '20'),
(1364, 'TATACOFFEE', 'EQ', 'Tata Coffee Limited', '20'),
(1365, 'TATAINVEST', 'EQ', 'Tata Investment Corporation Limited', '20'),
(1366, 'TATAMETALI', 'EQ', 'Tata Metaliks Limited', '20'),
(1367, 'TATASPONGE', 'EQ', 'Tata Sponge Iron Limited', '20'),
(1368, 'TBZ', 'EQ', 'Tribhovandas Bhimji Zaveri Limited', '20'),
(1369, 'TCI', 'EQ', 'Transport Corporation of India Limited', '20'),
(1370, 'TCIDEVELOP', 'EQ', 'TCI Developers Limited', '20'),
(1371, 'TCIEXP', 'EQ', 'TCI Express Limited', '20'),
(1372, 'TCIFINANCE', 'EQ', 'Tci Finance Limited', '20'),
(1373, 'TDPOWERSYS', 'EQ', 'TD Power Systems Limited', '20'),
(1374, 'TEAMLEASE', 'EQ', 'Teamlease Services Limited', '20'),
(1375, 'TECHNO', 'EQ', 'Techno Electric & Engineering Company Limited', '20'),
(1376, 'TECHNOFAB', 'EQ', 'Technofab Engineering Limited', '20'),
(1377, 'TEJASNET', 'EQ', 'Tejas Networks Limited', '20'),
(1378, 'TERASOFT', 'EQ', 'Tera Software Limited', '20'),
(1379, 'TEXINFRA', 'EQ', 'Texmaco Infrastructure & Holdings Limited', '20'),
(1380, 'TEXRAIL', 'EQ', 'Texmaco Rail & Engineering Limited', '20'),
(1381, 'TFCILTD', 'EQ', 'Tourism Finance Corporation of India Limited', '20'),
(1382, 'TGBHOTELS', 'EQ', 'TGB Banquets And Hotels Limited', '20'),
(1383, 'THANGAMAYL', 'EQ', 'Thangamayil Jewellery Limited', '20'),
(1384, 'THEMISMED', 'EQ', 'Themis Medicare Limited', '20'),
(1385, 'THERMAX', 'EQ', 'Thermax Limited', '20'),
(1386, 'THIRUSUGAR', 'EQ', 'Thiru Arooran Sugars Limited', '20'),
(1387, 'THOMASCOOK', 'EQ', 'Thomas Cook  (India)  Limited', '20'),
(1388, 'THYROCARE', 'EQ', 'Thyrocare Technologies Limited', '20'),
(1389, 'TI', 'EQ', 'Tilaknagar Industries Limited', '20'),
(1390, 'TIDEWATER', 'EQ', 'Tide Water Oil Company (India) Limited', '20'),
(1391, 'TIIL', 'EQ', 'Technocraft Industries (India) Limited', '20'),
(1392, 'TIL', 'EQ', 'TIL Limited', '20'),
(1393, 'TIMETECHNO', 'EQ', 'Time Technoplast Limited', '20'),
(1394, 'TIMKEN', 'EQ', 'Timken India Limited', '20'),
(1395, 'TINPLATE', 'EQ', 'The Tinplate Company of India Limited', '20'),
(1396, 'TIPSINDLTD', 'EQ', 'TIPS Industries Limited', '20'),
(1397, 'TIRUMALCHM', 'EQ', 'Thirumalai Chemicals Limited', '20'),
(1398, 'TMRVL', 'EQ', 'The Mandhana Retail Ventures Limited', '20'),
(1399, 'TNPL', 'EQ', 'Tamil Nadu Newsprint & Papers Limited', '20'),
(1400, 'TOKYOPLAST', 'EQ', 'Tokyo Plast International Limited', '20'),
(1401, 'TPLPLASTEH', 'EQ', 'TPL Plastech Limited', '20'),
(1402, 'TREEHOUSE', 'EQ', 'Tree House Education & Accessories Limited', '20'),
(1403, 'TRENT', 'EQ', 'Trent Limited', '20'),
(1404, 'TRF', 'EQ', 'TRF Limited', '20'),
(1405, 'TRIDENT', 'EQ', 'Trident Limited', '20'),
(1406, 'TRIL', 'EQ', 'Transformers And Rectifiers (India) Limited', '20'),
(1407, 'TRITURBINE', 'EQ', 'Triveni Turbine Limited', '20'),
(1408, 'TRIVENI', 'EQ', 'Triveni Engineering & Industries Limited', '20'),
(1409, 'TTKHLTCARE', 'EQ', 'TTK Healthcare Limited', '20'),
(1410, 'TTKPRESTIG', 'EQ', 'TTK Prestige Limited', '20'),
(1411, 'TTML', 'EQ', 'Tata Teleservices (Maharashtra) Limited', '20'),
(1412, 'TUBEINVEST', 'EQ', 'Tube Investments of India Limited', '20'),
(1413, 'TULSI', 'EQ', 'Tulsi Extrusions Limited', '20'),
(1414, 'TVSELECT', 'EQ', 'TVS Electronics Limited', '20'),
(1415, 'TVSSRICHAK', 'EQ', 'TVS Srichakra Limited', '20'),
(1416, 'TVTODAY', 'EQ', 'TV Today Network Limited', '20'),
(1417, 'TVVISION', 'EQ', 'TV Vision Limited', '20'),
(1418, 'TWL', 'EQ', 'Titagarh Wagons Limited', '20'),
(1419, 'UCALFUEL', 'EQ', 'Ucal Fuel Systems Limited', '20'),
(1420, 'UCOBANK', 'EQ', 'UCO Bank', '20'),
(1421, 'UFLEX', 'EQ', 'UFLEX Limited', '20'),
(1422, 'UFO', 'EQ', 'UFO Moviez India Limited', '20'),
(1423, 'UGARSUGAR', 'EQ', 'The Ugar Sugar Works Limited', '20'),
(1424, 'UJAAS', 'EQ', 'Ujaas Energy Limited', '20'),
(1425, 'UMANGDAIRY', 'EQ', 'Umang Dairies Limited', '20'),
(1426, 'UNICHEMLAB', 'EQ', 'Unichem Laboratories Limited', '20'),
(1427, 'UNIENTER', 'EQ', 'Uniphos Enterprises Limited', '20'),
(1428, 'UNITECH', 'EQ', 'Unitech Limited', '20'),
(1429, 'UNITEDBNK', 'EQ', 'United Bank of India', '20'),
(1430, 'UNITEDTEA', 'EQ', 'The United Nilgiri Tea Estates Company Limited', '20'),
(1431, 'UNITY', 'EQ', 'Unity Infraprojects Limited', '20'),
(1432, 'UNIVCABLES', 'EQ', 'Universal Cables Limited', '20'),
(1433, 'USHAMART', 'EQ', 'Usha Martin Limited', '20'),
(1434, 'UTINIFTETF', 'EQ', 'UTI Mutual Fund - UTI-Nifty Exchange Traded Fund', '20'),
(1435, 'UTISENSETF', 'EQ', 'UTI Mutual Fund - UTI-Sensex Exchange Traded Fund', '20'),
(1436, 'UTTAMSTL', 'EQ', 'Uttam Galva Steels Limited', '20'),
(1437, 'V2RETAIL', 'EQ', 'V2 Retail Limited', '20'),
(1438, 'VADILALIND', 'EQ', 'Vadilal Industries Limited', '20'),
(1439, 'VAKRANGEE', 'EQ', 'Vakrangee Limited', '20'),
(1440, 'VARDHACRLC', 'EQ', 'Vardhman Acrylics Limited', '20'),
(1441, 'VARDMNPOLY', 'EQ', 'Vardhman Polytex Limited', '20'),
(1442, 'VASCONEQ', 'EQ', 'Vascon Engineers Limited', '20'),
(1443, 'VASWANI', 'EQ', 'Vaswani Industries Limited', '20'),
(1444, 'VBL', 'EQ', 'Varun Beverages Limited', '20'),
(1445, 'VENUSREM', 'EQ', 'Venus Remedies Limited', '20'),
(1446, 'VESUVIUS', 'EQ', 'Vesuvius India Limited', '20'),
(1447, 'VETO', 'EQ', 'Veto Switchgears And Cables Limited', '20'),
(1448, 'VHL', 'EQ', 'Vardhman Holdings Limited', '20'),
(1449, 'VICEROY', 'EQ', 'Viceroy Hotels Limited', '20'),
(1450, 'VIDHIING', 'EQ', 'Vidhi Specialty Food Ingredients Limited', '20'),
(1451, 'VIJAYABANK', 'EQ', 'Vijaya Bank', '20'),
(1452, 'VIJSHAN', 'EQ', 'Vijay Shanthi Builders Limited', '20'),
(1453, 'VIKASECO', 'EQ', 'Vikas EcoTech Limited', '20'),
(1454, 'VIMTALABS', 'EQ', 'Vimta Labs Limited', '20'),
(1455, 'VINATIORGA', 'EQ', 'Vinati Organics Limited', '20'),
(1456, 'VINDHYATEL', 'EQ', 'Vindhya Telelinks Limited', '20'),
(1457, 'VINYLINDIA', 'EQ', 'Vinyl Chemicals (India) Limited', '20'),
(1458, 'VIPCLOTHNG', 'EQ', 'VIP Clothing Limited', '20'),
(1459, 'VIPIND', 'EQ', 'VIP Industries Limited', '20'),
(1460, 'VIPULLTD', 'EQ', 'Vipul Limited', '20'),
(1461, 'VISAKAIND', 'EQ', 'Visaka Industries Limited', '20'),
(1462, 'VISASTEEL', 'EQ', 'Visa Steel Limited', '20'),
(1463, 'VISHNU', 'EQ', 'Vishnu Chemicals Limited', '20'),
(1464, 'VIVIMEDLAB', 'EQ', 'Vivimed Labs Limited', '20'),
(1465, 'VLSFINANCE', 'EQ', 'VLS Finance Limited', '20'),
(1466, 'VMART', 'EQ', 'V-Mart Retail Limited', '20'),
(1467, 'VOLTAMP', 'EQ', 'Voltamp Transformers Limited', '20'),
(1468, 'VRLLOG', 'EQ', 'VRL Logistics Limited', '20'),
(1469, 'VSSL', 'EQ', 'Vardhman Special Steels Limited', '20'),
(1470, 'VSTIND', 'EQ', 'VST Industries Limited', '20'),
(1471, 'VSTTILLERS', 'EQ', 'V.S.T Tillers Tractors Limited', '20'),
(1472, 'VTL', 'EQ', 'Vardhman Textiles Limited', '20'),
(1473, 'WABAG', 'EQ', 'VA Tech Wabag Limited', '20'),
(1474, 'WABCOINDIA', 'EQ', 'WABCO India Limited', '20'),
(1475, 'WALCHANNAG', 'EQ', 'Walchandnagar Industries Limited', '20'),
(1476, 'WEALTH', 'SM', 'Wealth First Portfolio Managers Limited', '20'),
(1477, 'WEIZFOREX', 'EQ', 'Weizmann Forex Limited', '20'),
(1478, 'WELCORP', 'EQ', 'Welspun Corp Limited', '20'),
(1479, 'WELENT', 'EQ', 'Welspun Enterprises Limited', '20'),
(1480, 'WELSPUNIND', 'EQ', 'Welspun India Limited', '20'),
(1481, 'WENDT', 'EQ', 'Wendt (India) Limited', '20'),
(1482, 'WHEELS', 'EQ', 'Wheels India Limited', '20'),
(1483, 'WHIRLPOOL', 'EQ', 'Whirlpool of India Limited', '20'),
(1484, 'WINDMACHIN', 'EQ', 'Windsor Machines Limited', '20'),
(1485, 'WONDERLA', 'EQ', 'Wonderla Holidays Limited', '20'),
(1486, 'WSTCSTPAPR', 'EQ', 'West Coast Paper Mills Limited', '20'),
(1487, 'XCHANGING', 'EQ', 'Xchanging Solutions Limited', '20'),
(1488, 'XLENERGY', 'EQ', 'XL Energy Limited', '20'),
(1489, 'XPROINDIA', 'EQ', 'Xpro India Limited', '20'),
(1490, 'ZANDUREALT', 'EQ', 'Zandu Realty Limited', '20'),
(1491, 'ZEELEARN', 'EQ', 'Zee Learn Limited', '20'),
(1492, 'ZEEMEDIA', 'EQ', 'Zee Media Corporation Limited', '20'),
(1493, 'ZENSARTECH', 'EQ', 'Zensar Technologies Limited', '20'),
(1494, 'ZENTEC', 'EQ', 'Zen Technologies Limited', '20'),
(1495, 'ZICOM', 'EQ', 'Zicom Electronic Security Systems Limited', '20'),
(1496, 'ZODIACLOTH', 'EQ', 'Zodiac Clothing Company Limited', '20'),
(1497, 'ZOTA', 'SM', 'Zota Health Care LImited', '20'),
(1498, 'ZUARI', 'EQ', 'Zuari Agro Chemicals Limited', '20'),
(1499, 'ZUARIGLOB', 'EQ', 'Zuari Global Limited', '20'),
(1500, 'ZYDUSWELL', 'EQ', 'Zydus Wellness Limited', '20'),
(1501, 'ACC', 'EQ', 'ACC Limited', 'No Band'),
(1502, 'ADANIENT', 'EQ', 'Adani Enterprises Limited', 'No Band'),
(1503, 'ADANIPORTS', 'EQ', 'Adani Ports and Special Economic Zone Limited', 'No Band'),
(1504, 'ADANIPOWER', 'EQ', 'Adani Power Limited', 'No Band'),
(1505, 'AJANTPHARM', 'EQ', 'Ajanta Pharma Limited', 'No Band'),
(1506, 'ALBK', 'EQ', 'Allahabad Bank', 'No Band'),
(1507, 'AMARAJABAT', 'EQ', 'Amara Raja Batteries Limited', 'No Band'),
(1508, 'AMBUJACEM', 'EQ', 'Ambuja Cements Limited', 'No Band'),
(1509, 'ANDHRABANK', 'EQ', 'Andhra Bank', 'No Band'),
(1510, 'APOLLOHOSP', 'EQ', 'Apollo Hospitals Enterprise Limited', 'No Band'),
(1511, 'APOLLOTYRE', 'EQ', 'Apollo Tyres Limited', 'No Band'),
(1512, 'ARVIND', 'EQ', 'Arvind Limited', 'No Band'),
(1513, 'ASHOKLEY', 'EQ', 'Ashok Leyland Limited', 'No Band'),
(1514, 'ASIANPAINT', 'EQ', 'Asian Paints Limited', 'No Band'),
(1515, 'AUROPHARMA', 'EQ', 'Aurobindo Pharma Limited', 'No Band'),
(1516, 'AXISBANK', 'EQ', 'Axis Bank Limited', 'No Band'),
(1517, 'BAJAJ-AUTO', 'EQ', 'Bajaj Auto Limited', 'No Band'),
(1518, 'BAJAJFINSV', 'EQ', 'Bajaj Finserv Limited', 'No Band'),
(1519, 'BAJFINANCE', 'EQ', 'Bajaj Finance Limited', 'No Band'),
(1520, 'BALKRISIND', 'EQ', 'Balkrishna Industries Limited', 'No Band'),
(1521, 'BALRAMCHIN', 'EQ', 'Balrampur Chini Mills Limited', 'No Band'),
(1522, 'BANKBARODA', 'EQ', 'Bank Of Baroda', 'No Band'),
(1523, 'BANKINDIA', 'EQ', 'Bank Of India', 'No Band'),
(1524, 'BATAINDIA', 'EQ', 'Bata India Limited', 'No Band'),
(1525, 'BEL', 'EQ', 'Bharat Electronics Limited', 'No Band'),
(1526, 'BEML', 'EQ', 'BEML Limited', 'No Band'),
(1527, 'BERGEPAINT', 'EQ', 'Berger Paints (I) Limited', 'No Band'),
(1528, 'BHARATFIN', 'EQ', 'Bharat Financial Inclusion Limited', 'No Band'),
(1529, 'BHARATFORG', 'EQ', 'Bharat Forge Limited', 'No Band'),
(1530, 'BHARTIARTL', 'EQ', 'Bharti Airtel Limited', 'No Band'),
(1531, 'BHEL', 'EQ', 'Bharat Heavy Electricals Limited', 'No Band'),
(1532, 'BIOCON', 'EQ', 'Biocon Limited', 'No Band'),
(1533, 'BOSCHLTD', 'EQ', 'Bosch Limited', 'No Band'),
(1534, 'BPCL', 'EQ', 'Bharat Petroleum Corporation Limited', 'No Band'),
(1535, 'BRITANNIA', 'EQ', 'Britannia Industries Limited', 'No Band'),
(1536, 'CADILAHC', 'EQ', 'Cadila Healthcare Limited', 'No Band'),
(1537, 'CANBK', 'EQ', 'Canara Bank', 'No Band'),
(1538, 'CANFINHOME', 'EQ', 'Can Fin Homes Limited', 'No Band'),
(1539, 'CAPF', 'EQ', 'Capital First Limited', 'No Band'),
(1540, 'CASTROLIND', 'EQ', 'Castrol India Limited', 'No Band'),
(1541, 'CEATLTD', 'EQ', 'CEAT Limited', 'No Band'),
(1542, 'CENTURYTEX', 'EQ', 'Century Textiles & Industries Limited', 'No Band'),
(1543, 'CESC', 'EQ', 'CESC Limited', 'No Band'),
(1544, 'CGPOWER', 'EQ', 'CG Power and Industrial Solutions Limited', 'No Band'),
(1545, 'CHENNPETRO', 'EQ', 'Chennai Petroleum Corporation Limited', 'No Band'),
(1546, 'CHOLAFIN', 'EQ', 'Cholamandalam Investment and Finance Company Limited', 'No Band'),
(1547, 'CIPLA', 'EQ', 'Cipla Limited', 'No Band'),
(1548, 'COALINDIA', 'EQ', 'Coal India Limited', 'No Band'),
(1549, 'COLPAL', 'EQ', 'Colgate Palmolive (India) Limited', 'No Band'),
(1550, 'CONCOR', 'EQ', 'Container Corporation Of India Limited', 'No Band'),
(1551, 'CUMMINSIND', 'EQ', 'Cummins India Limited', 'No Band'),
(1552, 'DABUR', 'EQ', 'Dabur India Limited', 'No Band'),
(1553, 'DALMIABHA', 'EQ', 'Dalmia Bharat Limited', 'No Band'),
(1554, 'DCBBANK', 'EQ', 'DCB Bank Limited', 'No Band'),
(1555, 'DHFL', 'EQ', 'Dewan Housing Finance Corporation Limited', 'No Band'),
(1556, 'DISHTV', 'EQ', 'Dish TV India Limited', 'No Band'),
(1557, 'DIVISLAB', 'EQ', 'Divi''s Laboratories Limited', 'No Band'),
(1558, 'DLF', 'EQ', 'DLF Limited', 'No Band'),
(1559, 'DRREDDY', 'EQ', 'Dr. Reddy''s Laboratories Limited', 'No Band'),
(1560, 'EICHERMOT', 'EQ', 'Eicher Motors Limited', 'No Band'),
(1561, 'ENGINERSIN', 'EQ', 'Engineers India Limited', 'No Band'),
(1562, 'EQUITAS', 'EQ', 'Equitas Holdings Limited', 'No Band'),
(1563, 'ESCORTS', 'EQ', 'Escorts Limited', 'No Band'),
(1564, 'EXIDEIND', 'EQ', 'Exide Industries Limited', 'No Band'),
(1565, 'FEDERALBNK', 'EQ', 'The Federal Bank  Limited', 'No Band'),
(1566, 'FORTIS', 'EQ', 'Fortis Healthcare Limited', 'No Band'),
(1567, 'GAIL', 'EQ', 'GAIL (India) Limited', 'No Band'),
(1568, 'GLENMARK', 'EQ', 'Glenmark Pharmaceuticals Limited', 'No Band'),
(1569, 'GMRINFRA', 'EQ', 'GMR Infrastructure Limited', 'No Band'),
(1570, 'GODFRYPHLP', 'EQ', 'Godfrey Phillips India Limited', 'No Band'),
(1571, 'GODREJCP', 'EQ', 'Godrej Consumer Products Limited', 'No Band'),
(1572, 'GODREJIND', 'EQ', 'Godrej Industries Limited', 'No Band'),
(1573, 'GRANULES', 'EQ', 'Granules India Limited', 'No Band'),
(1574, 'GRASIM', 'EQ', 'Grasim Industries Limited', 'No Band'),
(1575, 'GSFC', 'EQ', 'Gujarat State Fertilizers & Chemicals Limited', 'No Band'),
(1576, 'HAVELLS', 'EQ', 'Havells India Limited', 'No Band'),
(1577, 'HCC', 'EQ', 'Hindustan Construction Company Limited', 'No Band'),
(1578, 'HCLTECH', 'EQ', 'HCL Technologies Limited', 'No Band'),
(1579, 'HDFC', 'EQ', 'Housing Development Finance Corporation Limited', 'No Band'),
(1580, 'HDFC', 'W2', 'Housing Development Finance Corporation Limited', 'No Band'),
(1581, 'HDFCBANK', 'EQ', 'HDFC Bank Limited', 'No Band'),
(1582, 'HDIL', 'EQ', 'Housing Development and Infrastructure Limited', 'No Band'),
(1583, 'HEROMOTOCO', 'EQ', 'Hero MotoCorp Limited', 'No Band'),
(1584, 'HEXAWARE', 'EQ', 'Hexaware Technologies Limited', 'No Band'),
(1585, 'HINDALCO', 'EQ', 'Hindalco Industries Limited', 'No Band'),
(1586, 'HINDPETRO', 'EQ', 'Hindustan Petroleum Corporation Limited', 'No Band'),
(1587, 'HINDUNILVR', 'EQ', 'Hindustan Unilever Limited', 'No Band'),
(1588, 'HINDZINC', 'EQ', 'Hindustan Zinc Limited', 'No Band'),
(1589, 'IBREALEST', 'EQ', 'Indiabulls Real Estate Limited', 'No Band'),
(1590, 'IBULHSGFIN', 'EQ', 'Indiabulls Housing Finance Limited', 'No Band'),
(1591, 'IBULHSGFIN', 'W1', 'Indiabulls Housing Finance Limited', 'No Band'),
(1592, 'ICICIBANK', 'EQ', 'ICICI Bank Limited', 'No Band'),
(1593, 'ICICIPRULI', 'EQ', 'ICICI Prudential Life Insurance Company Limited', 'No Band'),
(1594, 'ICIL', 'EQ', 'Indo Count Industries Limited', 'No Band'),
(1595, 'IDBI', 'EQ', 'IDBI Bank Limited', 'No Band'),
(1596, 'IDEA', 'EQ', 'Idea Cellular Limited', 'No Band'),
(1597, 'IDFC', 'EQ', 'IDFC Limited', 'No Band'),
(1598, 'IDFCBANK', 'EQ', 'IDFC Bank Limited', 'No Band'),
(1599, 'IFCI', 'EQ', 'IFCI Limited', 'No Band'),
(1600, 'IGL', 'EQ', 'Indraprastha Gas Limited', 'No Band'),
(1601, 'INDIACEM', 'EQ', 'The India Cements Limited', 'No Band'),
(1602, 'INDIANB', 'EQ', 'Indian Bank', 'No Band'),
(1603, 'INDIGO', 'EQ', 'InterGlobe Aviation Limited', 'No Band'),
(1604, 'INDUSINDBK', 'EQ', 'Indusind Bank Limited', 'No Band'),
(1605, 'INFIBEAM', 'EQ', 'Infibeam Incorporation Limited', 'No Band'),
(1606, 'INFRATEL', 'EQ', 'Bharti Infratel Limited', 'No Band'),
(1607, 'INFY', 'EQ', 'Infosys Limited', 'No Band'),
(1608, 'IOC', 'EQ', 'Indian Oil Corporation Limited', 'No Band'),
(1609, 'IRB', 'EQ', 'IRB Infrastructure Developers Limited', 'No Band'),
(1610, 'ITC', 'EQ', 'ITC Limited', 'No Band'),
(1611, 'JETAIRWAYS', 'EQ', 'Jet Airways (India) Limited', 'No Band'),
(1612, 'JINDALSTEL', 'EQ', 'Jindal Steel & Power Limited', 'No Band'),
(1613, 'JISLJALEQS', 'EQ', 'Jain Irrigation Systems Limited', 'No Band'),
(1614, 'JPASSOCIAT', 'EQ', 'Jaiprakash Associates Limited', 'No Band'),
(1615, 'JSWENERGY', 'EQ', 'JSW Energy Limited', 'No Band'),
(1616, 'JSWSTEEL', 'EQ', 'JSW Steel Limited', 'No Band'),
(1617, 'JUBLFOOD', 'EQ', 'Jubilant Foodworks Limited', 'No Band'),
(1618, 'JUSTDIAL', 'EQ', 'Just Dial Limited', 'No Band'),
(1619, 'KAJARIACER', 'EQ', 'Kajaria Ceramics Limited', 'No Band'),
(1620, 'KOTAKBANK', 'EQ', 'Kotak Mahindra Bank Limited', 'No Band'),
(1621, 'KPIT', 'EQ', 'KPIT Technologies Limited', 'No Band'),
(1622, 'KSCL', 'EQ', 'Kaveri Seed Company Limited', 'No Band'),
(1623, 'KTKBANK', 'EQ', 'The Karnataka Bank Limited', 'No Band'),
(1624, 'LICHSGFIN', 'EQ', 'LIC Housing Finance Limited', 'No Band'),
(1625, 'LT', 'EQ', 'Larsen & Toubro Limited', 'No Band'),
(1626, 'L&TFH', 'EQ', 'L&T Finance Holdings Limited', 'No Band'),
(1627, 'LUPIN', 'EQ', 'Lupin Limited', 'No Band'),
(1628, 'MANAPPURAM', 'EQ', 'Manappuram Finance Limited', 'No Band'),
(1629, 'MARICO', 'EQ', 'Marico Limited', 'No Band'),
(1630, 'MARUTI', 'EQ', 'Maruti Suzuki India Limited', 'No Band'),
(1631, 'MCDOWELL-N', 'EQ', 'United Spirits Limited', 'No Band'),
(1632, 'MCX', 'EQ', 'Multi Commodity Exchange of India Limited', 'No Band'),
(1633, 'MFSL', 'EQ', 'Max Financial Services Limited', 'No Band'),
(1634, 'MGL', 'EQ', 'Mahanagar Gas Limited', 'No Band'),
(1635, 'MINDTREE', 'EQ', 'MindTree Limited', 'No Band'),
(1636, 'M&M', 'EQ', 'Mahindra & Mahindra Limited', 'No Band'),
(1637, 'M&MFIN', 'EQ', 'Mahindra & Mahindra Financial Services Limited', 'No Band'),
(1638, 'MOTHERSUMI', 'EQ', 'Motherson Sumi Systems Limited', 'No Band'),
(1639, 'MRF', 'EQ', 'MRF Limited', 'No Band'),
(1640, 'MRPL', 'EQ', 'Mangalore Refinery and Petrochemicals Limited', 'No Band'),
(1641, 'MUTHOOTFIN', 'EQ', 'Muthoot Finance Limited', 'No Band'),
(1642, 'NATIONALUM', 'EQ', 'National Aluminium Company Limited', 'No Band'),
(1643, 'NBCC', 'EQ', 'NBCC (India) Limited', 'No Band'),
(1644, 'NCC', 'EQ', 'NCC Limited', 'No Band'),
(1645, 'NESTLEIND', 'EQ', 'Nestle India Limited', 'No Band'),
(1646, 'NHPC', 'EQ', 'NHPC Limited', 'No Band'),
(1647, 'NIITTECH', 'EQ', 'NIIT Technologies Limited', 'No Band'),
(1648, 'NMDC', 'EQ', 'NMDC Limited', 'No Band'),
(1649, 'NTPC', 'EQ', 'NTPC Limited', 'No Band'),
(1650, 'OFSS', 'EQ', 'Oracle Financial Services Software Limited', 'No Band'),
(1651, 'OIL', 'EQ', 'Oil India Limited', 'No Band'),
(1652, 'ONGC', 'EQ', 'Oil & Natural Gas Corporation Limited', 'No Band'),
(1653, 'ORIENTBANK', 'EQ', 'Oriental Bank Of Commerce', 'No Band'),
(1654, 'PAGEIND', 'EQ', 'Page Industries Limited', 'No Band'),
(1655, 'PCJEWELLER', 'EQ', 'PC Jeweller Limited', 'No Band'),
(1656, 'PEL', 'EQ', 'Piramal Enterprises Limited', 'No Band'),
(1657, 'PETRONET', 'EQ', 'Petronet LNG Limited', 'No Band'),
(1658, 'PFC', 'EQ', 'Power Finance Corporation Limited', 'No Band'),
(1659, 'PIDILITIND', 'EQ', 'Pidilite Industries Limited', 'No Band'),
(1660, 'PNB', 'EQ', 'Punjab National Bank', 'No Band'),
(1661, 'POWERGRID', 'EQ', 'Power Grid Corporation of India Limited', 'No Band'),
(1662, 'PTC', 'EQ', 'PTC India Limited', 'No Band'),
(1663, 'PVR', 'EQ', 'PVR Limited', 'No Band'),
(1664, 'RAMCOCEM', 'EQ', 'The Ramco Cements Limited', 'No Band'),
(1665, 'RAYMOND', 'EQ', 'Raymond Limited', 'No Band'),
(1666, 'RBLBANK', 'EQ', 'RBL Bank Limited', 'No Band'),
(1667, 'RCOM', 'EQ', 'Reliance Communications Limited', 'No Band'),
(1668, 'RDEL', 'EQ', 'Reliance Defence and Engineering Limited', 'No Band'),
(1669, 'RECLTD', 'EQ', 'Rural Electrification Corporation Limited', 'No Band'),
(1670, 'RELCAPITAL', 'EQ', 'Reliance Capital Limited', 'No Band'),
(1671, 'RELIANCE', 'EQ', 'Reliance Industries Limited', 'No Band'),
(1672, 'RELINFRA', 'EQ', 'Reliance Infrastructure Limited', 'No Band');
INSERT INTO `archive_table1` (`sym_id`, `symbol`, `series`, `security`, `band`) VALUES
(1673, 'REPCOHOME', 'EQ', 'Repco Home Finance Limited', 'No Band'),
(1674, 'RPOWER', 'EQ', 'Reliance Power Limited', 'No Band'),
(1675, 'SAIL', 'EQ', 'Steel Authority of India Limited', 'No Band'),
(1676, 'SBIN', 'EQ', 'State Bank Of India', 'No Band'),
(1677, 'SHREECEM', 'EQ', 'Shree Cements Limited', 'No Band'),
(1678, 'SIEMENS', 'EQ', 'Siemens Limited', 'No Band'),
(1679, 'SINTEX', 'EQ', 'Sintex Industries Limited', 'No Band'),
(1680, 'SOUTHBANK', 'EQ', 'The South Indian Bank Limited', 'No Band'),
(1681, 'SREINFRA', 'EQ', 'SREI Infrastructure Finance Limited', 'No Band'),
(1682, 'SRF', 'EQ', 'SRF Limited', 'No Band'),
(1683, 'SRTRANSFIN', 'EQ', 'Shriram Transport Finance Company Limited', 'No Band'),
(1684, 'STAR', 'EQ', 'Strides Shasun Limited', 'No Band'),
(1685, 'SUNPHARMA', 'EQ', 'Sun Pharmaceutical Industries Limited', 'No Band'),
(1686, 'SUNTV', 'EQ', 'Sun TV Network Limited', 'No Band'),
(1687, 'SUZLON', 'EQ', 'Suzlon Energy Limited', 'No Band'),
(1688, 'SYNDIBANK', 'EQ', 'Syndicate Bank', 'No Band'),
(1689, 'TATACHEM', 'EQ', 'Tata Chemicals Limited', 'No Band'),
(1690, 'TATACOMM', 'EQ', 'Tata Communications Limited', 'No Band'),
(1691, 'TATAELXSI', 'EQ', 'Tata Elxsi Limited', 'No Band'),
(1692, 'TATAGLOBAL', 'EQ', 'Tata Global Beverages Limited', 'No Band'),
(1693, 'TATAMOTORS', 'EQ', 'Tata Motors Limited', 'No Band'),
(1694, 'TATAMTRDVR', 'EQ', 'Tata Motors Limited', 'No Band'),
(1695, 'TATAPOWER', 'EQ', 'Tata Power Company Limited', 'No Band'),
(1696, 'TATASTEEL', 'EQ', 'Tata Steel Limited', 'No Band'),
(1697, 'TCS', 'EQ', 'Tata Consultancy Services Limited', 'No Band'),
(1698, 'TECHM', 'EQ', 'Tech Mahindra Limited', 'No Band'),
(1699, 'TITAN', 'EQ', 'Titan Company Limited', 'No Band'),
(1700, 'TORNTPHARM', 'EQ', 'Torrent Pharmaceuticals Limited', 'No Band'),
(1701, 'TORNTPOWER', 'EQ', 'Torrent Power Limited', 'No Band'),
(1702, 'TV18BRDCST', 'EQ', 'TV18 Broadcast Limited', 'No Band'),
(1703, 'TVSMOTOR', 'EQ', 'TVS Motor Company Limited', 'No Band'),
(1704, 'UBL', 'EQ', 'United Breweries Limited', 'No Band'),
(1705, 'UJJIVAN', 'EQ', 'Ujjivan Financial Services Limited', 'No Band'),
(1706, 'ULTRACEMCO', 'EQ', 'UltraTech Cement Limited', 'No Band'),
(1707, 'UNIONBANK', 'EQ', 'Union Bank of India', 'No Band'),
(1708, 'UPL', 'EQ', 'UPL Limited', 'No Band'),
(1709, 'VEDL', 'EQ', 'Vedanta Limited', 'No Band'),
(1710, 'VGUARD', 'EQ', 'V-Guard Industries Limited', 'No Band'),
(1711, 'VOLTAS', 'EQ', 'Voltas Limited', 'No Band'),
(1712, 'WIPRO', 'EQ', 'Wipro Limited', 'No Band'),
(1713, 'WOCKPHARMA', 'EQ', 'Wockhardt Limited', 'No Band'),
(1714, 'YESBANK', 'EQ', 'Yes Bank Limited', 'No Band'),
(1715, 'ZEEL', 'EQ', 'Zee Entertainment Enterprises Limited', 'No Band');

-- --------------------------------------------------------

--
-- Table structure for table `stock_general`
--

CREATE TABLE `stock_general` (
  `date` int(11) NOT NULL,
  `series` tinytext NOT NULL,
  `open_price` float unsigned NOT NULL,
  `high_price` float unsigned NOT NULL,
  `low_price` float unsigned NOT NULL,
  `last_price` float unsigned NOT NULL,
  `close_price` float unsigned NOT NULL,
  `avg_price` float unsigned NOT NULL,
  `total_traded_qty` bigint(20) unsigned NOT NULL,
  `turnover` double unsigned NOT NULL,
  `no_of_trades` bigint(20) unsigned NOT NULL,
  `deliverable_qty` bigint(20) unsigned NOT NULL
) ENGINE=InnoDB DEFAULT CHARSET=latin1;

-- --------------------------------------------------------

--
-- Table structure for table `stock_update_history`
--

CREATE TABLE `stock_update_history` (
  `update_id` int(11) NOT NULL,
  `update_date` date NOT NULL,
  `no_files_downloaded` mediumint(9) NOT NULL,
  `no_errors` smallint(6) NOT NULL,
  `total_symbols` smallint(6) NOT NULL,
  `no_symbols_used` smallint(6) NOT NULL,
  `update_status` varchar(100) NOT NULL,
  `update_type` varchar(50) NOT NULL
) ENGINE=InnoDB DEFAULT CHARSET=latin1;

-- --------------------------------------------------------

--
-- Table structure for table `symbol`
--

CREATE TABLE `symbol` (
  `sym_id` int(4) NOT NULL,
  `symbol` varchar(30) NOT NULL,
  `series` varchar(5) NOT NULL,
  `security` text NOT NULL,
  `band` int(11) NOT NULL
) ENGINE=InnoDB AUTO_INCREMENT=1751 DEFAULT CHARSET=latin1;

--
-- Dumping data for table `symbol`
--

INSERT INTO `symbol` (`sym_id`, `symbol`, `series`, `security`, `band`) VALUES
(1710, 'RPOWER', 'EQ', 'Reliance Power Limited', 0),
(1711, 'SAIL', 'EQ', 'Steel Authority of India Limited', 0),
(1712, 'SBIN', 'EQ', 'State Bank Of India', 0),
(1713, 'SHREECEM', 'EQ', 'Shree Cements Limited', 0),
(1714, 'SIEMENS', 'EQ', 'Siemens Limited', 0),
(1715, 'SOUTHBANK', 'EQ', 'The South Indian Bank Limited', 0),
(1716, 'SREINFRA', 'EQ', 'SREI Infrastructure Finance Limited', 0),
(1717, 'SRF', 'EQ', 'SRF Limited', 0),
(1718, 'SRTRANSFIN', 'EQ', 'Shriram Transport Finance Company Limited', 0),
(1719, 'STAR', 'EQ', 'Strides Shasun Limited', 0),
(1720, 'SUNPHARMA', 'EQ', 'Sun Pharmaceutical Industries Limited', 0),
(1721, 'SUNTV', 'EQ', 'Sun TV Network Limited', 0),
(1722, 'SUZLON', 'EQ', 'Suzlon Energy Limited', 0),
(1723, 'SYNDIBANK', 'EQ', 'Syndicate Bank', 0),
(1724, 'TATACHEM', 'EQ', 'Tata Chemicals Limited', 0),
(1725, 'TATACOMM', 'EQ', 'Tata Communications Limited', 0),
(1726, 'TATAELXSI', 'EQ', 'Tata Elxsi Limited', 0),
(1727, 'TATAGLOBAL', 'EQ', 'Tata Global Beverages Limited', 0),
(1728, 'TATAMOTORS', 'EQ', 'Tata Motors Limited', 0),
(1729, 'TATAMTRDVR', 'EQ', 'Tata Motors Limited', 0),
(1730, 'TATAPOWER', 'EQ', 'Tata Power Company Limited', 0),
(1731, 'TATASTEEL', 'EQ', 'Tata Steel Limited', 0),
(1732, 'TCS', 'EQ', 'Tata Consultancy Services Limited', 0),
(1733, 'TECHM', 'EQ', 'Tech Mahindra Limited', 0),
(1734, 'TITAN', 'EQ', 'Titan Company Limited', 0),
(1735, 'TORNTPHARM', 'EQ', 'Torrent Pharmaceuticals Limited', 0),
(1736, 'TORNTPOWER', 'EQ', 'Torrent Power Limited', 0),
(1737, 'TV18BRDCST', 'EQ', 'TV18 Broadcast Limited', 0),
(1738, 'TVSMOTOR', 'EQ', 'TVS Motor Company Limited', 0),
(1739, 'UBL', 'EQ', 'United Breweries Limited', 0),
(1740, 'UJJIVAN', 'EQ', 'Ujjivan Financial Services Limited', 0),
(1741, 'ULTRACEMCO', 'EQ', 'UltraTech Cement Limited', 0),
(1742, 'UNIONBANK', 'EQ', 'Union Bank of India', 0),
(1743, 'UPL', 'EQ', 'UPL Limited', 0),
(1744, 'VEDL', 'EQ', 'Vedanta Limited', 0),
(1745, 'VGUARD', 'EQ', 'V-Guard Industries Limited', 0),
(1746, 'VOLTAS', 'EQ', 'Voltas Limited', 0),
(1747, 'WIPRO', 'EQ', 'Wipro Limited', 0),
(1748, 'WOCKPHARMA', 'EQ', 'Wockhardt Limited', 0),
(1749, 'YESBANK', 'EQ', 'Yes Bank Limited', 0),
(1750, 'ZEEL', 'EQ', 'Zee Entertainment Enterprises Limited', 0);

-- --------------------------------------------------------

--
-- Table structure for table `sym_update`
--

CREATE TABLE `sym_update` (
  `update_date` date NOT NULL,
  `success` tinyint(1) NOT NULL,
  `sym_count` smallint(5) unsigned NOT NULL,
  `modified` int(11) NOT NULL,
  `error_code` varchar(100) NOT NULL
) ENGINE=InnoDB DEFAULT CHARSET=latin1;

--
-- Dumping data for table `sym_update`
--

INSERT INTO `sym_update` (`update_date`, `success`, `sym_count`, `modified`, `error_code`) VALUES
('2017-07-04', 0, 1711, 0, 'N/A'),
('2017-07-10', 0, 1715, 0, 'N/A'),
('2017-09-08', 0, 1726, 0, 'N/A'),
('2017-09-09', 0, 1726, 0, 'N/A'),
('2017-09-11', 0, 1709, 0, 'N/A'),
('2017-09-18', 0, 1712, 0, 'N/A'),
('2017-09-20', 0, 1714, 0, 'N/A'),
('2017-09-22', 0, 1737, 0, 'N/A'),
('2017-09-24', 0, 1737, 0, 'N/A'),
('2017-09-25', 0, 1719, 0, 'N/A'),
('2017-09-29', 0, 1723, 0, 'N/A'),
('2017-10-04', 0, 1731, 0, 'N/A'),
('2017-10-06', 0, 1732, 0, 'N/A'),
('2017-10-07', 0, 1752, 0, 'N/A'),
('2017-10-08', 0, 1752, 0, 'N/A'),
('2017-10-09', 0, 1752, 0, 'N/A'),
('2017-10-11', 0, 1745, 0, 'N/A'),
('2017-10-12', 0, 1750, 0, 'N/A');

-- --------------------------------------------------------

--
-- Table structure for table `syndibank`
--

CREATE TABLE `syndibank` (
  `date` int(11) NOT NULL,
  `series` tinytext NOT NULL,
  `open_price` float unsigned NOT NULL,
  `high_price` float unsigned NOT NULL,
  `low_price` float unsigned NOT NULL,
  `last_price` float unsigned NOT NULL,
  `close_price` float unsigned NOT NULL,
  `avg_price` float unsigned NOT NULL,
  `total_traded_qty` bigint(20) unsigned NOT NULL,
  `turnover` double unsigned NOT NULL,
  `no_of_trades` bigint(20) unsigned NOT NULL,
  `deliverable_qty` bigint(20) unsigned NOT NULL
) ENGINE=InnoDB DEFAULT CHARSET=latin1;

--
-- Dumping data for table `syndibank`
--

INSERT INTO `syndibank` (`date`, `series`, `open_price`, `high_price`, `low_price`, `last_price`, `close_price`, `avg_price`, `total_traded_qty`, `turnover`, `no_of_trades`, `deliverable_qty`) VALUES
(1483311600, 'EQ', 61.9, 62.4, 60.75, 61.95, 61.85, 61.52, 1192770, 73382743.25, 4636, 184264),
(1483398000, 'EQ', 62.2, 62.9, 61.3, 62.1, 62.05, 62.17, 922925, 57378685.6, 4740, 130098),
(1483484400, 'EQ', 62.05, 62.55, 61.1, 61.35, 61.35, 61.74, 1264499, 78075591, 7904, 258566),
(1483570800, 'EQ', 61.9, 62.45, 61.6, 62.2, 62.25, 62.05, 1006643, 62457761.8, 4133, 275100),
(1483657200, 'EQ', 62.5, 63.75, 62.4, 62.8, 62.65, 62.88, 1451584, 91279410.35, 6728, 446436),
(1483916400, 'EQ', 62.95, 63.9, 62.4, 63.35, 63.45, 63.28, 1496116, 94680100.1, 5162, 441025),
(1484002800, 'EQ', 63.6, 64.5, 62.85, 64.1, 64, 63.52, 1373309, 87233671.05, 5833, 414683),
(1484089200, 'EQ', 64.5, 66.1, 64.1, 65.4, 65.45, 65.26, 2134469, 139299368.75, 7066, 643822),
(1484175600, 'EQ', 65.6, 65.95, 64.1, 64.65, 64.75, 64.84, 1958949, 127013078.25, 6167, 503069),
(1484262000, 'EQ', 65, 65.2, 63.9, 64.6, 64.55, 64.49, 846694, 54600030.8, 4181, 197324),
(1484521200, 'EQ', 64.7, 65.25, 64.15, 65.25, 65.1, 64.88, 1999354, 129723572.6, 6143, 502242),
(1484607600, 'EQ', 65.3, 65.95, 64.5, 64.75, 64.75, 65.06, 1090087, 70924563.75, 4572, 249151),
(1484694000, 'EQ', 65, 65.4, 64.6, 64.85, 64.95, 65.03, 1766736, 114894134.85, 5663, 310979),
(1484780400, 'EQ', 64.95, 65.9, 64.4, 65.8, 65.65, 65.26, 1867568, 121885909.4, 5395, 864909),
(1484866800, 'EQ', 65.45, 65.9, 63.85, 64, 64.1, 64.97, 1315974, 85501931, 4630, 587090),
(1485126000, 'EQ', 64, 65.5, 63.6, 64.75, 64.7, 64.7, 960294, 62132175.05, 3456, 286222),
(1485212400, 'EQ', 64.8, 66.15, 64.8, 66, 65.8, 65.36, 1520630, 99385936.7, 4769, 777812),
(1485298800, 'EQ', 66.4, 70.75, 65.25, 69.6, 69.75, 69.47, 14823799, 1029754407.9, 13056, 2898396),
(1485471600, 'EQ', 68.6, 69.7, 67.8, 68.25, 68.35, 68.56, 3371982, 231181806, 10286, 1036836),
(1485730800, 'EQ', 68.2, 70.75, 68.2, 69.3, 69.2, 69.44, 4710192, 327055501.2, 18109, 1493993),
(1485817200, 'EQ', 69.65, 70.3, 66.5, 67, 66.85, 68.12, 6915429, 471090545.7, 25293, 1254229),
(1485903600, 'EQ', 67.5, 68.55, 66.1, 68.05, 68.2, 67.56, 3186663, 215290083.55, 11528, 891959),
(1485990000, 'EQ', 68.2, 71.4, 67.1, 70.15, 70.5, 69.88, 6792680, 474661507.85, 26314, 1677228),
(1486076400, 'EQ', 70.75, 73.3, 70.15, 73.1, 72.95, 72.03, 5713116, 411540857.4, 24819, 1480846),
(1486335600, 'EQ', 73.9, 73.9, 71.55, 72.5, 72.35, 72.7, 3384649, 246070971.6, 11217, 950695),
(1486422000, 'EQ', 72.35, 74, 71.5, 73.15, 73.05, 73.05, 4045621, 295528218, 12712, 1248715),
(1486508400, 'EQ', 73.2, 73.25, 71, 72.3, 72.3, 72.3, 2070985, 149726382.45, 7574, 467108),
(1486594800, 'EQ', 72.7, 72.85, 69.75, 70.6, 70.8, 70.95, 2215860, 157207786.7, 8271, 501507),
(1486681200, 'EQ', 71.1, 71.55, 70.25, 70.55, 70.7, 71.04, 1170954, 83181902.45, 4253, 220427),
(1486940400, 'EQ', 71.05, 71.2, 68.1, 69.3, 69.25, 69.41, 1550869, 107652307.9, 5893, 304308),
(1487026800, 'EQ', 69.1, 70.3, 68.3, 69.4, 69.8, 69.43, 1447945, 100529227.2, 5175, 285139),
(1487113200, 'EQ', 69.75, 69.75, 67.15, 67.15, 67.75, 68.29, 1467195, 100201117.55, 5122, 461733),
(1487199600, 'EQ', 67.75, 68.85, 67.3, 68.4, 68.4, 68.18, 1323805, 90259514.5, 5100, 293671),
(1487286000, 'EQ', 68.8, 69.55, 68, 68.1, 68.25, 68.54, 1048416, 71856629.45, 4806, 246868),
(1487545200, 'EQ', 68.7, 69.8, 68.3, 69.6, 69.55, 69.11, 1219018, 84244210.85, 5075, 376785),
(1487631600, 'EQ', 70, 70.5, 69.1, 70.25, 70.3, 70, 1288370, 90191948.3, 5348, 312984),
(1487718000, 'EQ', 70.3, 71.65, 69.55, 69.55, 69.85, 70.62, 2212679, 156250686.75, 13991, 497805),
(1487804400, 'EQ', 69.9, 70.6, 69.3, 69.65, 69.6, 69.91, 2674569, 186970331.2, 12083, 807864),
(1488150000, 'EQ', 69.3, 69.75, 68.3, 68.5, 68.55, 68.83, 1360432, 93632376.2, 5869, 358835),
(1488236400, 'EQ', 68.75, 69.8, 68.35, 69.55, 69.5, 69.29, 1702551, 117971607.5, 13254, 472135),
(1488322800, 'EQ', 69.75, 70.75, 69.65, 69.85, 70, 70.17, 1667900, 117033886.9, 11355, 578299),
(1488409200, 'EQ', 70.2, 70.8, 67.5, 67.75, 67.75, 69.23, 2122914, 146975765.75, 9503, 837786),
(1488495600, 'EQ', 67.4, 67.7, 66.45, 67.1, 67.3, 67.05, 1568633, 105181150.5, 8956, 397322),
(1488754800, 'EQ', 67.5, 68.45, 67.5, 67.8, 67.95, 67.9, 874944, 59410772.5, 7252, 203310),
(1488841200, 'EQ', 67.75, 68.45, 67.15, 67.3, 67.3, 67.62, 880983, 59572401.4, 5352, 229962),
(1488927600, 'EQ', 67.3, 67.75, 65.65, 66.25, 66.35, 66.55, 1489784, 99138067.8, 5776, 247611),
(1489014000, 'EQ', 66, 66.75, 65.8, 66.4, 66.25, 66.3, 940590, 62361971.65, 4540, 164107),
(1489100400, 'EQ', 66.8, 67.35, 65.4, 65.85, 65.9, 66.2, 1667166, 110363966.4, 8728, 473212),
(1489446000, 'EQ', 67.5, 67.6, 66.45, 66.6, 66.7, 67.03, 1122127, 75219685.15, 4913, 269739),
(1489532400, 'EQ', 66.8, 68.4, 66.1, 67.8, 67.8, 67.7, 1688015, 114282598.85, 6139, 533549),
(1489618800, 'EQ', 68.5, 69.6, 67.8, 69.25, 69.3, 68.84, 2539250, 174799984.1, 9882, 695016),
(1489705200, 'EQ', 69.5, 69.5, 68.05, 68.7, 68.55, 68.54, 1025325, 70275998.6, 3892, 260369),
(1489964400, 'EQ', 68.4, 69.4, 68.1, 69.1, 69.2, 68.9, 1102330, 75954061.1, 4667, 248606),
(1490050800, 'EQ', 69.4, 69.9, 67.9, 68.25, 68.3, 68.88, 1780215, 122629916.25, 5912, 304708),
(1490137200, 'EQ', 67.5, 67.9, 66.25, 66.25, 66.5, 67.14, 1202864, 80763718.35, 4364, 461164),
(1490223600, 'EQ', 66.7, 67, 66.2, 66.5, 66.55, 66.58, 1090993, 72636920.5, 3418, 336210),
(1490310000, 'EQ', 66.7, 70.65, 66.65, 69.35, 69.4, 69.27, 4977666, 344808597.5, 15595, 1183646),
(1490565600, 'EQ', 69.4, 70.35, 68.85, 69.75, 69.7, 69.68, 1857574, 129442354.45, 7159, 365547),
(1490652000, 'EQ', 69.75, 71.65, 69.4, 70.85, 70.7, 70.62, 2585692, 182598630.3, 7648, 800565),
(1490738400, 'EQ', 70.55, 72.15, 70.45, 70.95, 70.95, 71.37, 2158375, 154037270.7, 7961, 587590),
(1490824800, 'EQ', 71.05, 71.5, 70.45, 70.9, 70.75, 70.93, 1438662, 102041996.85, 3743, 287759),
(1490911200, 'EQ', 70.95, 72.35, 70.5, 71.05, 71.25, 71.39, 2287842, 163325845.55, 6130, 569530);

-- --------------------------------------------------------

--
-- Table structure for table `tatamotors`
--

CREATE TABLE `tatamotors` (
  `date` int(11) NOT NULL,
  `series` tinytext NOT NULL,
  `open_price` float unsigned NOT NULL,
  `high_price` float unsigned NOT NULL,
  `low_price` float unsigned NOT NULL,
  `last_price` float unsigned NOT NULL,
  `close_price` float unsigned NOT NULL,
  `avg_price` float unsigned NOT NULL,
  `total_traded_qty` bigint(20) unsigned NOT NULL,
  `turnover` double unsigned NOT NULL,
  `no_of_trades` bigint(20) unsigned NOT NULL,
  `deliverable_qty` bigint(20) unsigned NOT NULL
) ENGINE=InnoDB DEFAULT CHARSET=latin1;

--
-- Dumping data for table `tatamotors`
--

INSERT INTO `tatamotors` (`date`, `series`, `open_price`, `high_price`, `low_price`, `last_price`, `close_price`, `avg_price`, `total_traded_qty`, `turnover`, `no_of_trades`, `deliverable_qty`) VALUES
(1483311600, 'EQ', 472, 488.7, 469.05, 486.55, 487.05, 479.72, 4024156, 1930454560.15, 46945, 1155521),
(1483398000, 'EQ', 491, 492.7, 479.9, 480.5, 481.1, 486.65, 5814518, 2829623413.45, 68062, 2007214),
(1483484400, 'EQ', 484.65, 493.7, 484.1, 487, 486.65, 489.31, 4769872, 2333956956.2, 90870, 1502217),
(1483570800, 'EQ', 496, 503.4, 495.55, 502, 502.15, 500.55, 7961242, 3984968934.2, 129715, 3150388),
(1483657200, 'EQ', 502.95, 507.95, 496.25, 498.55, 497.75, 501.97, 4907475, 2463423038.8, 83283, 1786394),
(1483916400, 'EQ', 499.4, 504.6, 492.15, 501.25, 500.15, 500.22, 3932710, 1967232558.05, 50574, 952949),
(1484002800, 'EQ', 506.55, 518, 505.95, 517.9, 516.25, 512.98, 7973024, 4089968794.35, 118993, 4154597),
(1484089200, 'EQ', 520.25, 523.95, 517.15, 518.85, 519.25, 519.85, 4886398, 2540172057.05, 79188, 2413819),
(1484175600, 'EQ', 521.7, 524, 513.2, 519.15, 518.25, 518.43, 4219627, 2187594098.15, 58936, 1596286),
(1484262000, 'EQ', 523.25, 523.25, 507.5, 514.95, 514.85, 512.45, 6367248, 3262892870.9, 91625, 3102747),
(1484521200, 'EQ', 518.65, 529.45, 517, 526.5, 526.4, 524.43, 6084582, 3190932912.9, 76463, 2848342),
(1484607600, 'EQ', 528.1, 530.8, 521, 521.3, 523.7, 526.18, 4297426, 2261205608.65, 59209, 2032487),
(1484694000, 'EQ', 523.05, 529.6, 521.2, 522.5, 522.45, 524.36, 5874608, 3080413159.35, 47816, 3939773),
(1484780400, 'EQ', 523, 535.6, 522.7, 530.65, 531.45, 531.81, 5810128, 3089895902.5, 93713, 2365356),
(1484866800, 'EQ', 527.4, 529.3, 521.25, 523.5, 523.2, 524.93, 5013928, 2631946677, 95695, 3165056),
(1485126000, 'EQ', 523.2, 534.95, 523, 533.4, 532.7, 530.73, 4209879, 2234307172.5, 65587, 2216287),
(1485212400, 'EQ', 533, 543, 532.35, 540.95, 541.55, 540.22, 5183630, 2800288428.45, 70595, 2559436),
(1485298800, 'EQ', 543.25, 551.9, 541.55, 550, 548.9, 545.77, 4504941, 2458661120.25, 96866, 2473162),
(1485471600, 'EQ', 549, 552, 539.75, 540.75, 541.95, 544.76, 4493803, 2448039954.25, 71162, 2510772),
(1485730800, 'EQ', 542, 543.5, 530.8, 532.75, 532.3, 535.12, 4163428, 2227952952.45, 68161, 2544265),
(1485817200, 'EQ', 530.2, 531.5, 518, 522.35, 523.55, 525.35, 6035022, 3170512183.75, 89536, 3417250),
(1485903600, 'EQ', 527.5, 544.5, 522.9, 540.15, 542.25, 534.94, 4786720, 2560622924.35, 68602, 2124516),
(1485990000, 'EQ', 537.6, 537.6, 526.8, 532.5, 531.5, 530.9, 6579801, 3493238632.4, 97475, 3411529),
(1486076400, 'EQ', 531.9, 531.9, 519.5, 522.35, 522.6, 524.4, 5298261, 2778383924.4, 88449, 3228200),
(1486335600, 'EQ', 527.9, 531.45, 523.2, 524.35, 525.85, 527.59, 3642527, 1921753045.95, 65553, 1581320),
(1486422000, 'EQ', 524.8, 524.8, 502, 507.1, 506.8, 511.91, 7987282, 4088778845.85, 132944, 3974329),
(1486508400, 'EQ', 512.35, 514.95, 506.3, 513.2, 513.05, 512.6, 5975054, 3062802064.9, 103444, 3082288),
(1486594800, 'EQ', 515.4, 518, 505.75, 513.65, 512.85, 512.31, 4099871, 2100388447.4, 59432, 1782176),
(1486681200, 'EQ', 513, 514.8, 506.5, 508.6, 509.55, 509.89, 4732032, 2412820666.35, 55363, 2330324),
(1486940400, 'EQ', 512.7, 512.7, 503.3, 503.95, 505.3, 506.15, 4700518, 2379145841.7, 75275, 2527328),
(1487026800, 'EQ', 503, 506.7, 466.55, 467.15, 482.05, 490.98, 14901414, 7316277886.5, 145070, 6064694),
(1487113200, 'EQ', 449.05, 453, 434.35, 436.7, 436.45, 444.72, 38638630, 17183214725.7, 401225, 14995822),
(1487199600, 'EQ', 442.55, 447.6, 435.4, 444.1, 446, 442.98, 11622714, 5148622594.65, 142277, 4029543),
(1487286000, 'EQ', 447.9, 456.6, 442.4, 451.5, 452.95, 450.88, 10063504, 4537448625.25, 119408, 4292803),
(1487545200, 'EQ', 451.5, 458.45, 449, 455, 455.45, 454.15, 5866707, 2664359115.95, 80177, 2136751),
(1487631600, 'EQ', 456.9, 462.8, 454.5, 458, 458.65, 459.15, 6875914, 3157069433.85, 87494, 3247866),
(1487718000, 'EQ', 460.25, 466.7, 455.8, 460, 460.05, 462.25, 7315280, 3381506232, 131789, 2757853),
(1487804400, 'EQ', 464, 464.7, 457.25, 464, 462.35, 461.6, 9492419, 4381698081.15, 92180, 6193845),
(1488150000, 'EQ', 464, 464, 455.1, 458, 457.8, 458.04, 5510484, 2524012401.15, 89343, 3557397),
(1488236400, 'EQ', 460, 460, 454.1, 457, 456.75, 456.32, 5722402, 2611247300.2, 87772, 3889040),
(1488322800, 'EQ', 455.9, 455.9, 448, 449.5, 449.45, 450.86, 8367579, 3772609957.8, 141268, 5264418),
(1488409200, 'EQ', 457.85, 467.9, 453.2, 461.3, 461.7, 463.03, 13667695, 6328545943.3, 147115, 5383593),
(1488495600, 'EQ', 463.3, 466.85, 458.6, 460.25, 459.95, 461.43, 7085620, 3269498014.15, 111096, 3892320),
(1488754800, 'EQ', 462.5, 472.7, 462.1, 470.25, 470.8, 467.79, 4036291, 1888121220.65, 59743, 1294887),
(1488841200, 'EQ', 469.5, 475.9, 466.05, 466.6, 467.55, 470.44, 7114541, 3346950382.7, 114627, 2930474),
(1488927600, 'EQ', 469.4, 469.6, 461.15, 463, 462.8, 463.11, 5351597, 2478399752.2, 99533, 2980492),
(1489014000, 'EQ', 462.45, 469.7, 462, 467.6, 467.6, 466.96, 3837624, 1792024214.35, 80242, 1641598),
(1489100400, 'EQ', 471, 471.85, 465.1, 468.45, 469.1, 468.76, 5766815, 2703259475.7, 81483, 2893760),
(1489446000, 'EQ', 481, 483, 468.45, 470.2, 469.75, 472.78, 6348198, 3001306158.75, 83544, 3805876),
(1489532400, 'EQ', 475, 476.55, 470.65, 473.35, 473.45, 473.58, 4801312, 2273795056.9, 80630, 2838492),
(1489618800, 'EQ', 478.7, 482, 476.15, 480.9, 480.95, 479.2, 6272947, 3006025888.95, 77790, 3844356),
(1489705200, 'EQ', 481.35, 484.2, 471.7, 476, 476.5, 477.24, 6338248, 3024838069.45, 81247, 3550016),
(1489964400, 'EQ', 476.55, 478.2, 470.75, 475.95, 476, 474.26, 2871104, 1361646343, 42534, 1463020),
(1490050800, 'EQ', 478, 478.05, 470.65, 473.65, 473.75, 473.13, 4685410, 2216815931.75, 67629, 3000238),
(1490137200, 'EQ', 469.95, 469.95, 458.5, 460.5, 459.9, 463.77, 4695648, 2177713559, 88765, 2544658),
(1490223600, 'EQ', 461.3, 477, 461.3, 471.25, 472.9, 470.24, 8665384, 4074767238.05, 102038, 3771384),
(1490310000, 'EQ', 470.75, 474.8, 467.55, 469.7, 470.4, 471.19, 4296510, 2024466461.8, 50444, 2117945),
(1490565600, 'EQ', 469, 469.15, 462.1, 464.1, 464.75, 464.91, 4417413, 2053720809.45, 52758, 2521083),
(1490652000, 'EQ', 467.5, 473, 467.5, 472.05, 472.4, 471.33, 2982614, 1405784386.65, 57847, 1771292),
(1490738400, 'EQ', 474.9, 475, 463.6, 469.25, 469.05, 470.33, 6680569, 3142082820.35, 72109, 3794301),
(1490824800, 'EQ', 463.5, 469.8, 462.85, 468.5, 468.4, 467.74, 9482785, 4435430887, 97499, 7264192),
(1490911200, 'EQ', 466.5, 472.5, 464.5, 467.35, 465.85, 468.06, 6400088, 2995607487.2, 98614, 3919821);

-- --------------------------------------------------------

--
-- Table structure for table `tatasteel`
--

CREATE TABLE `tatasteel` (
  `date` int(11) NOT NULL,
  `series` tinytext NOT NULL,
  `open_price` float unsigned NOT NULL,
  `high_price` float unsigned NOT NULL,
  `low_price` float unsigned NOT NULL,
  `last_price` float unsigned NOT NULL,
  `close_price` float unsigned NOT NULL,
  `avg_price` float unsigned NOT NULL,
  `total_traded_qty` bigint(20) unsigned NOT NULL,
  `turnover` double unsigned NOT NULL,
  `no_of_trades` bigint(20) unsigned NOT NULL,
  `deliverable_qty` bigint(20) unsigned NOT NULL
) ENGINE=InnoDB DEFAULT CHARSET=latin1;

--
-- Dumping data for table `tatasteel`
--

INSERT INTO `tatasteel` (`date`, `series`, `open_price`, `high_price`, `low_price`, `last_price`, `close_price`, `avg_price`, `total_traded_qty`, `turnover`, `no_of_trades`, `deliverable_qty`) VALUES
(1483311600, 'EQ', 393.45, 408.35, 388.9, 406.2, 406.75, 400.54, 5578129, 2234285879.55, 60588, 978184),
(1483398000, 'EQ', 407.05, 408.9, 401.25, 402.35, 403.3, 404.44, 3338806, 1350333812.3, 33408, 467641),
(1483484400, 'EQ', 404.1, 409, 401.4, 405.2, 405.45, 405.42, 3344043, 1355742992.1, 39997, 758486),
(1483570800, 'EQ', 409.1, 422.5, 407.3, 419.05, 419.3, 416.74, 7196279, 2998972632.25, 79299, 2122808),
(1483657200, 'EQ', 420.5, 425.4, 415.6, 420, 419.55, 420.6, 4138078, 1740484151.1, 53562, 671238),
(1483916400, 'EQ', 423.7, 424.2, 419.35, 421.15, 422, 422.21, 3122769, 1318462615.45, 40260, 754692),
(1484002800, 'EQ', 422.7, 432.5, 422.6, 431.9, 431.9, 429.15, 5118565, 2196642517.3, 68912, 1271508),
(1484089200, 'EQ', 435.3, 450.95, 434.65, 448.25, 448.25, 446.56, 11431250, 5104766908.25, 118080, 2904707),
(1484175600, 'EQ', 449, 451.15, 443.25, 447.65, 447.55, 447.5, 5361474, 2399249489.75, 72753, 1085874),
(1484262000, 'EQ', 450, 450.4, 441.2, 446.3, 446.35, 445.84, 4232151, 1886867481.1, 47694, 530051),
(1484521200, 'EQ', 444.25, 459.5, 443.25, 459.5, 458.45, 455.88, 6675950, 3043405575.1, 80835, 1719670),
(1484607600, 'EQ', 459.05, 459.6, 450.9, 454.7, 454.25, 454.44, 3342717, 1519072548.05, 41386, 539077),
(1484694000, 'EQ', 454.75, 470, 454.25, 468.95, 468.35, 466.3, 9116932, 4251250439, 123399, 3003292),
(1484780400, 'EQ', 468.7, 468.8, 462.35, 466.85, 467.15, 465.87, 3445069, 1604940560.2, 44134, 705597),
(1484866800, 'EQ', 466, 467.8, 452.6, 455.5, 454.5, 459.96, 4927321, 2266346399.05, 60610, 1496746),
(1485126000, 'EQ', 450.9, 464, 450.6, 462, 461.8, 460.61, 4349975, 2003646984.6, 50319, 757193),
(1485212400, 'EQ', 462, 466.5, 458.55, 464.15, 464.25, 462.74, 3731789, 1726851807.45, 45726, 663782),
(1485298800, 'EQ', 467, 476.75, 466.1, 468.5, 469.5, 471.59, 6307571, 2974610473.15, 71151, 1462397),
(1485471600, 'EQ', 469.85, 473.8, 463.35, 468.55, 469.3, 469.44, 4977414, 2336584638.2, 65351, 1183325),
(1485730800, 'EQ', 468.5, 468.5, 460.15, 462.2, 462.05, 463.46, 3322749, 1539949063.3, 36688, 863286),
(1485817200, 'EQ', 460.2, 471.4, 460.1, 463.5, 463.05, 465.44, 4543771, 2114848786.4, 47212, 714052),
(1485903600, 'EQ', 464.05, 475.9, 457.15, 474, 474.6, 467.97, 5572616, 2607830759.35, 48320, 1729879),
(1485990000, 'EQ', 473.5, 480.9, 466.25, 477.2, 476.95, 472.73, 5988117, 2830779681.35, 61800, 2243138),
(1486076400, 'EQ', 476.9, 480, 468.15, 472.15, 472.8, 473.8, 5284757, 2503924410.8, 66969, 1849686),
(1486335600, 'EQ', 474.4, 477.6, 469.15, 472.55, 473.4, 473.32, 4806869, 2275178580.25, 97801, 1557747),
(1486422000, 'EQ', 475.1, 479.8, 470.05, 473.5, 472.8, 474.09, 4836631, 2292987546.8, 46580, 1406266),
(1486508400, 'EQ', 485, 485.4, 467.45, 468, 470.65, 476.65, 11287445, 5380135217.25, 96196, 2495233),
(1486594800, 'EQ', 469.65, 473.4, 456.5, 460.3, 459.85, 462.13, 6485765, 2997250781.25, 74807, 1492976),
(1486681200, 'EQ', 467, 471.8, 460.55, 467.05, 468.2, 466.12, 7912091, 3687965391.5, 79606, 2559913),
(1486940400, 'EQ', 473.15, 477, 470.1, 472.35, 472.6, 473.51, 4898780, 2319600113.85, 52944, 1374425),
(1487026800, 'EQ', 473.9, 474.85, 466.1, 472.95, 472.4, 470.24, 3251700, 1529075152.55, 38405, 909099),
(1487113200, 'EQ', 472.7, 474.75, 457.25, 461.55, 460.1, 464.41, 4228709, 1963842505, 47857, 760329),
(1487199600, 'EQ', 464.7, 471.5, 455.65, 471.45, 469.95, 464.63, 4820369, 2239685546.1, 54147, 1295069),
(1487286000, 'EQ', 472.3, 474.85, 466.65, 468.2, 468.2, 469.29, 3922122, 1840607795.65, 40993, 1239809),
(1487545200, 'EQ', 468, 489, 464.75, 486.4, 487.05, 481.2, 8441156, 4061893683.65, 90478, 1999031),
(1487631600, 'EQ', 488.95, 495.9, 485, 490.5, 490.95, 491.31, 8063716, 3961759598.8, 75051, 2189287),
(1487718000, 'EQ', 490.45, 491.45, 480.6, 484.05, 484.05, 485.02, 5010536, 2430206311.95, 60404, 2017812),
(1487804400, 'EQ', 485.1, 487.9, 478.15, 485, 485.75, 484.32, 4810464, 2329784791.65, 48964, 1412204),
(1488150000, 'EQ', 485.2, 488.15, 479.5, 480.45, 480.6, 482.47, 2730887, 1317568274.65, 33406, 806210),
(1488236400, 'EQ', 481.5, 485.75, 480.45, 483, 482.7, 483.23, 3402886, 1644366838.1, 41417, 790403),
(1488322800, 'EQ', 485, 502.5, 483.4, 500.05, 500.35, 494.62, 7716571, 3816745818.7, 85102, 1756042),
(1488409200, 'EQ', 502, 505.6, 492.25, 494.55, 494.65, 499.63, 5722550, 2859155333.1, 63873, 743090),
(1488495600, 'EQ', 494.55, 497.75, 489.55, 494.35, 495.1, 493.62, 3357902, 1657520964.2, 59546, 863810),
(1488754800, 'EQ', 495.1, 501, 490.25, 492.15, 492.7, 494.57, 4153429, 2054164456, 47232, 710704),
(1488841200, 'EQ', 493.5, 494, 480.65, 482.4, 482, 484.16, 5123193, 2480442363.65, 61331, 2151949),
(1488927600, 'EQ', 484.9, 486.4, 470.1, 471.9, 472.45, 475.62, 5935312, 2822960661.85, 72344, 1975687),
(1489014000, 'EQ', 471.9, 475.35, 467.7, 468.5, 469.45, 470.44, 4495787, 2115006926.45, 51127, 1302355),
(1489100400, 'EQ', 468.5, 474.4, 462.2, 467.05, 467.75, 468.75, 4523612, 2120443765.45, 56519, 1143295),
(1489446000, 'EQ', 479, 479, 470.45, 472, 472.55, 474.29, 5565574, 2639692371.7, 74417, 2634847),
(1489532400, 'EQ', 473.95, 480, 470.4, 478, 479.05, 475.65, 5561866, 2645485443.1, 59964, 2536015),
(1489618800, 'EQ', 484.85, 501, 481.95, 500.7, 499.65, 494.25, 10391757, 5136174590.4, 125001, 3600764),
(1489705200, 'EQ', 503.85, 508.75, 498.1, 501.5, 502.2, 502.97, 6800312, 3420341827.3, 82904, 1793675),
(1489964400, 'EQ', 502.5, 502.7, 492, 496.6, 496.65, 495.59, 3995540, 1980151292.1, 56969, 1493047),
(1490050800, 'EQ', 496.9, 501.3, 492.35, 497, 496.4, 497.13, 4967685, 2469578975.9, 120923, 1658576),
(1490137200, 'EQ', 490, 493.8, 486.4, 487.1, 488.1, 490.38, 4652350, 2281440302.7, 74181, 1780074),
(1490223600, 'EQ', 487.5, 496.6, 487.5, 495.9, 495.5, 492.83, 4126938, 2033898077.85, 62477, 1762299),
(1490310000, 'EQ', 496.05, 499.9, 491.1, 491.2, 493.2, 495.98, 3082110, 1528649598.9, 47327, 981057),
(1490565600, 'EQ', 492.75, 492.75, 474.65, 475.9, 476.5, 479.18, 6189956, 2966089682.9, 73328, 2503692),
(1490652000, 'EQ', 477.55, 482.65, 477, 479.85, 480.2, 480.47, 4396544, 2112404354.9, 56964, 1973290),
(1490738400, 'EQ', 482, 484.9, 480.25, 484.9, 484.4, 482.98, 3264312, 1576589228.55, 49310, 925888),
(1490824800, 'EQ', 484.4, 486.35, 475.8, 477.5, 477.5, 479.79, 4642454, 2227393897.65, 47993, 2615269),
(1490911200, 'EQ', 480.65, 485.9, 479.05, 481.75, 482.7, 483.36, 3215307, 1554160192.1, 43213, 891055);

--
-- Indexes for dumped tables
--

--
-- Indexes for table `3mindia`
--
ALTER TABLE `3mindia`
  ADD PRIMARY KEY (`date`);

--
-- Indexes for table `aartiind`
--
ALTER TABLE `aartiind`
  ADD PRIMARY KEY (`date`);

--
-- Indexes for table `abb`
--
ALTER TABLE `abb`
  ADD PRIMARY KEY (`date`);

--
-- Indexes for table `archive_table1`
--
ALTER TABLE `archive_table1`
  ADD PRIMARY KEY (`sym_id`);

--
-- Indexes for table `stock_general`
--
ALTER TABLE `stock_general`
  ADD PRIMARY KEY (`date`);

--
-- Indexes for table `stock_update_history`
--
ALTER TABLE `stock_update_history`
  ADD PRIMARY KEY (`update_id`);

--
-- Indexes for table `symbol`
--
ALTER TABLE `symbol`
  ADD PRIMARY KEY (`sym_id`);

--
-- Indexes for table `sym_update`
--
ALTER TABLE `sym_update`
  ADD PRIMARY KEY (`update_date`);

--
-- Indexes for table `syndibank`
--
ALTER TABLE `syndibank`
  ADD PRIMARY KEY (`date`);

--
-- Indexes for table `tatamotors`
--
ALTER TABLE `tatamotors`
  ADD PRIMARY KEY (`date`);

--
-- Indexes for table `tatasteel`
--
ALTER TABLE `tatasteel`
  ADD PRIMARY KEY (`date`);

--
-- AUTO_INCREMENT for dumped tables
--

--
-- AUTO_INCREMENT for table `archive_table1`
--
ALTER TABLE `archive_table1`
  MODIFY `sym_id` smallint(6) NOT NULL AUTO_INCREMENT,AUTO_INCREMENT=1716;
--
-- AUTO_INCREMENT for table `stock_update_history`
--
ALTER TABLE `stock_update_history`
  MODIFY `update_id` int(11) NOT NULL AUTO_INCREMENT;
--
-- AUTO_INCREMENT for table `symbol`
--
ALTER TABLE `symbol`
  MODIFY `sym_id` int(4) NOT NULL AUTO_INCREMENT,AUTO_INCREMENT=1751;
/*!40101 SET CHARACTER_SET_CLIENT=@OLD_CHARACTER_SET_CLIENT */;
/*!40101 SET CHARACTER_SET_RESULTS=@OLD_CHARACTER_SET_RESULTS */;
/*!40101 SET COLLATION_CONNECTION=@OLD_COLLATION_CONNECTION */;
